Reference Type,Author,Year,Title,Keywords,Abstract
Journal Article,张董晓; 付娜; 东浩; 黄巧; 赵文洁; 周玉,2024,“刺络放血补虚”渊源及机理考,刺络放血;虚证;流派;机理;渊源;扶正补虚;祛瘀生新;赵炳南,"""刺络放血是中医特色治疗技法之一，既往其适应症主要为热证、实证、瘀证等。至金元后，刺络放血用于虚证的报道逐渐增多，但其观点及操作方法又呈现不同的派别。本文考证刺络放血疗法用于治疗虚证在各朝代的主要适应症，并对不同流派之间观点差异进行分析，对其治疗手法的差异及治疗原理的不同进行整理。笔者发现刺络疗法用于虚证、阴证从《内经》已有报道。这其中观点又分两派，一种以李杲为代表的刺络健脾补虚派；第二种是通过祛瘀，使瘀去新生而达到扶正的目的。两类观点在建国后临床应用均疗效确切。其操作手法存在差异，前者更强调“穴位的选取”,刺中络脉即可，并不强求出血；而后者除选穴外对局部放血的操作更加注重，除了刺络外还强调局部放血的重要性。前者机理在于增强免疫功能扶正补虚，而后者一定程度上改变微循环、局部血流动力学补虚。当代名家在临床和理论上进一步突破，如将刺络疗法用于阴证、虚证疮疡，提出“络以通为用”,刺络放血可“以通为补”,更好指导了刺络放血疗法在虚证类疾病的应用。"""
Journal Article,马一兵; 苏婕; 陶阳,2013,“淘砌”疗法治疗皮肤溃疡1例,皮肤溃疡;淘砌疗法;赵炳南;中医药疗法,"""<正>""""淘砌""""法是赵炳南教授治疗体表溃疡的一种独特方法,即在治疗体表溃疡时,不但应用化腐的方法去除局部坏死组织,同时应用生肌法促使局部组织生长,加速溃疡愈合。1""""淘砌""""疗法的来源""""淘砌""""疗法源自赵炳南教授的临床实践。解放前赵老根据中医热盛肉腐成脓而生疮的理论治疗1例腿部溃疡的患者时,让患者早期内服大量清热解"""
Conference Proceedings,李凯,2014,“赵炳南经验方”合用“经方”体会,,"""<正>皮科名医赵炳南简介(1899—1984)中医皮外科专家,近代中医皮肤科奠基人之一。从医60余年,临床经验丰富。在长期的临床实践中,形成了自己皮外科治疗的独特风格。赵炳南开始在北京德善医室从师于名医丁德恩,学习中医皮肤疮疡外科。代表作:《赵炳南临床经验集》、《简明中医皮肤病学》赵炳南经验方介绍凉血五花汤、凉血五根汤解毒清热汤、解毒清营汤、解毒凉血汤、解毒养阴汤、消痈汤全虫方"""
Journal Article,徐跃; 朱慧婷; 蔡念宁,2019,蔡念宁应用多皮饮化裁治疗慢性荨麻疹经验,慢性荨麻疹;赵炳南;蔡念宁;多皮饮;中医药疗法;名中医经验,"""慢性荨麻疹是临床中常见的皮肤病,因其病因复杂,病程较长且易反复,临床治愈较为困难。蔡念宁教授提出慢性荨麻疹治以祛风渗湿、调和阴阳、中和气血,采用赵炳南经验方多皮饮治疗时应明辨虚实两端。属于慢性荨麻疹实证者,注重清热凉血、解毒疏风;虚证当辨气血之不足,血虚风燥者养血和血,佐以养血活血之品,肺脾不足者常佐以健脾益气固表升阳之品。"""
Journal Article,方大定,2010,从“风湿疡”看赵炳南学术思想特色和创新见解,风湿疡;风与湿热相搏;不洁之风;六淫;湿热蕴藏定位,"""赵炳南提出""""风湿疡""""一词,作为皮肤病的统称,并对""""风湿疡""""三字的含义做过精辟讲解,从中体现出他具有特色的学术思想和创新见解。鉴于这些内容迄今人们还缺乏了解,文章特对此进行介绍和分析、解读,以利于""""风湿疡""""学术思想得以传承和发扬,保持赵炳南学术思想的完整性。"""
Conference Proceedings,朱慧婷; 蔡念宁,2012,从赵炳南经验方浅析中医取象比类思维在皮肤科应用,象思维;中医;皮肤;赵炳南;多皮饮,"""中医象思维是通过取象比类的方式,在思维过程中对被研究对象与已知对象在某些方面相通、相似或相近的属性、规律、特质进行充分关联类比,找出共同的特征、根本内涵,以""""象""""为工具进行标志、归类,以达到模拟、领悟、认识客体为目的的方法。本文分析了我科赵炳南老先生创制的多皮饮、凉血五花汤、白驳丸等经验方中以皮治皮、以搔止搔、以色治色等具有中医皮肤科特色的象思维的应用,为临证用药、创制新方提供了思路。"""
Journal Article,李伯华; 朱慧婷; 周冬梅; 刘昱旻; 黎伟; 亚晓旭; 张会娜; 张苍,2023,多皮饮新解及方证初探,赵炳南;荨麻疹;多皮饮;方证,多皮饮是赵炳南先生治疗慢性荨麻疹的经典方剂，临床疗效显著。以往使用本方多以“辨病论治”为主，而且对于其功效和主治证型各家莫衷一是，同时也缺乏典型的方证特征，这给多皮饮的高效使用造成困难。本文尝试重新分析多皮饮的组成，认为其功效为泻肺清热、行气利水、疏风胜湿，适用于慢性荨麻疹肺热郁闭、风湿蕴阻证，并且总结其方证要点为：口渴、多饮、烦热、汗出、恶热不恶风寒等，希望以此简化辨证流程，提高辨证效率和准确性。
Journal Article,张苍,2009,多思善悟广纳百家——陈凯教授生平与学术,皮肤病;赵炳南;学术传承;陈凯,"""本文介绍了陈凯教授的生平、为人及治学特点。介绍了他学习、继承、传播赵炳南先生皮肤病学术思想的经过,介绍了他善于思考,乐于交流,善于学习、敢于借鉴的治学风格,并重点介绍了他提出的""""胃肠-皮肤相关理论""""、""""皮肤络病理论""""、""""清调补理论""""等学术思想在慢性荨麻疹、湿疹、银屑病、结节性痒疹、黄褐斑、皮肤血管炎等病治疗上的指导作用。"""
Thesis,林子量,2021,甘草润肤膏外用治疗手足皲裂的临床疗效观察,甘草润肤膏;手足皲裂症;中药外治;赵炳南;张志礼,"""手足皲裂症是临床常见的角化性皮肤疾病,具体可分为手部皲裂和足部皲裂。本病多好发于秋冬季节,主要表现为干燥增厚的皮肤角质层在温度变化、机械性摩擦、受压或接触化学性清洁剂等因素影响下逐渐出现沿皮纹分布的细小裂隙,并进一步增长越深。但疾病初期除皮肤外观变得粗糙不美观外,并无其他明显症状,大部分患者均不甚重视,直至裂纹加重伴有疼痛、出血等表现,为患者的起居生活带来不少困扰和痛苦,并严重干扰他们的工作学习。此外手足皲裂亦可作为临床症状与其他皮肤病同时出现,如湿疹、冻疮、鱼鳞病、掌跖角化症等,临床上应加以区分鉴别。目前治疗手足皲裂症临床常见药物包括尿素、水杨酸、糖皮质激素等,主要有润肤、角质松解、愈裂止痛等功效。中医方面本病又称为“皲裂疮”,古时相关病名记载包括:“裂口疮”、“干裂疮”、“龟手”、尸脚”、“肉裂”、“手足皲裂”、“裂手裂脚”等。中医方面主要考虑本病由于气血失和,外感风寒,血瘀凝滞,肌肤失养所致,辨证属血虚风燥证或脾虚血燥证。治疗可予局部外用油脂润肤生肌,配合内服健脾益气,养血润燥之品如归脾汤、当归饮子等。本次研究主要观察对象甘草润肤膏乃用甘草油为底方,配合《证治准绳》记载“一上散”(苦参、白芷、火硝、枯矾、荆芥穗、寒水石、白及)为基础加减而成,结合现代科技,以乳膏形式呈现,主要有清热润燥、止痒愈裂之效。目的:采用随机对照试验,初步评价甘草润肤膏对治疗手足皲裂症患者的疗效。方法:自2020年12月至2021年4月于我院门诊招募符合手足皲裂症诊断患者共34名,按随机数字表分为试验组和对照组进行观察(受疫情原因未能招募足够受试者,实际完成例数29人,分别为:试验组14人,对照组15人)。试验组应用甘草润肤膏,对照组则应用尿素软膏,针对较严重的Ⅱ、Ⅲ度患者加用封包、修剪磨皮治疗。14日为1疗程,共治疗2个疗程,如受试者于1疗程治愈则提前结束观察。对试验组和对照组分别就用药后疗效进行相关评估及分析讨论。结果:在2观察周期结束后,试验组和对照组的显效率分别为50.00%和46.67%(P=1.000),总有效率为92.86%和80.00%(P=0.598),两组间进行比较,结果未有统计学上差异。试验过程中两组受试者均未发生明显不良反应。结论:本研究暂未能证明甘草润肤膏整体疗效较尿素软膏为佳,未来可进一步完善相关研究以证明甘草润肤膏可作为临床治疗手足皲裂的更佳选择。问题与展望:未来应加强对患者的教育,使患者对疾病有更深认识,重视对待,按时用药,加强对皮肤的养护,避免因皮肤干燥而出现手足皲裂。"""
Thesis,刘德坤,2023,黑布药膏的前世今生及其治疗瘢痕疙瘩的网络药理学与分子对接研究,瘢痕疙瘩;创新;分子对接;黑布药膏;网络药理学;赵炳南,"""研究一 黑布药膏的前世今生研究目的:研究黑布药膏的中医药理学机制及精诚大医赵炳南的精神,传承其创新精神及思路,为临床治疗诸如此类疾病提供更好的思维基础。研究方法:通读《精诚大医赵炳南》、《简明中医皮肤病学》及结合临床接触北京中医医院治疗瘢痕疙瘩经验,阅读中西医治疗瘢痕疙瘩的进展研究,参与制备黑布药膏及亲身体验黑布药膏外敷,归纳总结黑布药膏的中医方面药理特性,并提出改良方案推测,最后研究赵炳南经历,总结分析一代名医有如此开拓性思想的时代背景及精神源流。研究结果:黑布药膏中各种成分主要以解毒、清热、通络为基准。黑醋可将表皮剥脱开来,使五倍子粉、蜈蚣、冰片、蜂蜜之物可密切接触到皮损之内,药物中以蜈蚣研磨成粉攻毒散结,止痛通络,以五倍子粉酸收之意以敛疮收肌;冰片为辛寒之物,在此药膏之中,主起清热止痛之效;蜂蜜止痒之时,又可解其余毒。结合目前治疗进展,笔者提出改良方案:一则可结合压力治疗方案,二则可模仿冷冻技术创新原理,提取中药成分,注射治疗瘢痕疙瘩。赵炳南先生年少坎坷,苦难多病,然而“仁、术、勤、和”为其主要人生信条。研究结论:赵老之所以能够享誉京华,且能开创中医皮肤科,与其仁心、妙术、勤学、谦和关系密切,其年少饱受疾苦,更能体会病人感受,更有意愿和想法为病人解除疾苦;其勤勉的学习态度,可对中医医理了解至深,勤于实践操作,积极参与临床,才得其“妙术”;其谦和、温和的态度,可使医患关系融洽,能够好更深入的探讨用药期间的诸多详细情况。在此四项精神之上,才有此等创新之法。从中医辨证及药理方面,分析了黑布药膏为何可以用于治疗瘢痕疙瘩。研究二黑布药膏治疗瘢痕疙瘩的网络药理学与分子对接研究研究目的:对黑布药膏中药物进行网络药理学及分子对接研究,并分析其作用机制,为临床用药提供更多的数据支持,同时也为之后基础实验提供一定的方向。研究方法:对黑醋、五倍子、蜈蚣、蜂蜜、冰片进行网络药理学研究,运用TCMSP中药系统药理学数据库及分析平台、中医药证候关联数据库(SymMap)及文献检索,搜集此五种药物中所有化学成分,并通过UniProt数据库检索出靶点蛋白缩写。通过使用GeneCards数据库、OMIM数据库及CTD数据库检索瘢痕疙瘩的疾病靶点,得到瘢痕疙瘩相关靶点及名称。然后将两者取交集,通过STRING11.0数据库绘制出蛋白互作(PPI)网络图。再通过设计复发网络图筛选黑布药膏中核心成分,及核心靶点,再将此核心靶点中与PPI核心蛋白靶点取交集,并通过GO及KEGG富集分析,了解分析相关靶点基因及通路,最后运用分子对接技术,验证蛋白受体与小分子配体之间连接活性。研究结果:去重后共获得有效活性化合物:五倍子1个、冰片9个、蜈蚣5个、黑醋4个、蜂蜜47个,获得有效药物靶点2061个。GO富集分析获得生物过程1747个,细胞组分90个,分子功能159个;KEGG富集分析得到160条信号通路,主要涉及主要涉及流体剪切应力和动脉粥样硬化通路、精氨酸和脯氨酸代谢通路,HIF-1信号通路(缺氧诱导因子1)等。分子对接方面:槲皮素与MMP2、PGTS2、VEGFA,烟碱与MMP2、PTGS2,木犀草素与MMP2、PTGS2、VEGFA结合能均小于-5.0 kcal·mol-1,说明此几种小分子成分与这些蛋白靶点结合较好。其中槲皮素与MMP2、VEGFA,木犀草素与MMP2、VEGFA结合能均小于-7.0 kcal·mol-1,表明呈现强烈的结合活性。研究结论:黑布药膏中核心化学成分为Acetic Acid(醋酸)、Quercetin(槲皮素)、Nicotine(烟碱)、Acetaldehyde(乙醛)、Luteolin(木犀草素),核心靶点蛋白为MMP2、PTGS2、VEGFA。可能主要通过抑制细胞无限增殖、抑制凋亡、抗炎、抗肿瘤、抗菌、抗感染,可能参与血管生成,细胞凋亡等机制治疗瘢痕疙瘩。"""
Journal Article,徐佳; 陈昱良; 曲剑华; 陈彤云,2021,黑色拔膏棍的理论内涵及临床应用,赵炳南;黑色拔膏棍;特色疗法;黑膏药,"""膏药是我国传统中药剂型,黑膏药是在膏药的基础上进一步发展而成,对于病程久、病位深、难以治疗的疾病有良好疗效。黑色拔膏棍是赵炳南先生独创的治疗药物,属黑膏药范畴,是赵老特色外治疗法——拔膏疗法的重要组成药物。黑色拔膏棍是赵老在我国传统黑膏药药物组成和剂型上的进一步创新和发展,针对炎症性、增生性、顽固性皮肤病具有良好疗效。"""
Conference Proceedings,张成志,2009,怀念恩师赵炳南教授,,"""<正>赵炳南老师(1899-1984)是我国中医皮外科学界的泰斗,是现代中医皮肤科的奠基人和开拓者之一。赵老行医六十六年,为中医皮肤科的发展做出了卓越贡献。赵老家庭出身是城市贫民。幼年师从丁庆三老中医在崇文门外德善医室当学徒。最初跟着师兄干一些医室杂活和其他家务劳动。晚上空闲时间学习祖国医藉,主要是背诵《医宗金鉴》、《外科心法要诀》、"""
Journal Article,张爱琴; 李昕钰; 王海燕; 胡婧,2022,回阳软坚汤治疗非哺乳期乳腺炎的临床疗效,非哺乳期乳腺炎;炎症因子;赵炳南;回阳软坚汤,"""目的 基于中医“回阳软坚”理论探讨回阳软坚汤治疗非哺乳期乳腺炎的临床疗效。方法 选取2021年1月—2022年2月河西学院附属张掖人民医院收治的55例非哺乳期乳腺炎患者为研究对象，采用随机数字表法将55例患者分成治疗组28例和对照组27例，对照组采用三联抗菌药物治疗，治疗组在三联抗菌药物治疗基础上联合回阳软坚汤进行治疗，均进行6周治疗。采用乳房肿块评分及疼痛评分评价治疗前后患者乳房肿块大小及疼痛情况；检测并比较治疗前后患者血清中炎症因子白细胞介素-6(IL-6)、C反应蛋白(CRP)情况。结果 治疗6周后，治疗组的总有效率为96.43%(27/28),高于对照组的总有效率81.48%(22/27)(P<0.05);两组乳房肿块评分及疼痛评分与治疗前比较有明显降低，且治疗组乳房肿块评分及疼痛评分低于对照组(P<0.05);两组患者血清中IL-6、CRP低于治疗前，且治疗组低于对照组(P<0.05)。结论 回阳软坚汤治疗非哺乳期乳腺炎疗效显著，其作用机制可能与降低IL-6和CRP表达有关。"""
Journal Article,苏婕; 杨皓瑜; 周涛; 白彦萍,2023,基于“久病入络”理论分析赵炳南应用虫类药治疗皮肤病思路,赵炳南;虫类药;络脉;经验;应用,"""络病理论是中医理论体系的组成部分,皮肤为一身之表,皮肤病的发生与络脉关系密切。现代中医皮肤科奠基人及开拓者赵炳南先生创立了现代中医皮肤科疾病辨证论治体系。赵炳南先生认为,慢性顽固性皮肤疾患,具有“久病入络”的特征性表现,多存在邪阻络脉、气血失调的病因病机。采用活血化瘀通络、化痰祛风通络、走窜息风通络、补益通络等不同治法,常用全蝎、蜈蚣、僵蚕等不同药性的虫类药物治疗。针对络脉气血津液的不同病理变化,虫类药的炮制也随之变化,并常配伍辛温宣散或补益气血之品加强“通络”作用。赵老还创制出“除湿”“治风”“化瘀”系列方药,以针对湿邪阻络、风湿蕴络、瘀血滞络所导致的疾患。本文对赵老应用虫类药治疗皮肤病经验进行总结,并探讨分析其用药思路。"""
Journal Article,陈黎明; 张一帆; 沈宇明; 赵永祥; 赵昕; 文继红,2017,基于关联规则和复杂系统熵聚类的赵炳南治疗皮肤病用药规律研究,赵炳南;皮肤病;用药规律;关联规则;熵聚类,"""选取《赵炳南临床经验集》收录方剂396首,运用""""中医传承辅助系统(v2.5)""""软件进行用药规律数据挖掘整理研究,结果发现赵老在治疗皮肤疾病的用药中以使用清热解毒,活血凉血,祛风除湿的药物频率较高,其核心组合及方剂配伍也有一定规律可循,体现了赵老独特的辨治体系和用药特色,为进一步研究和挖掘提供了参考。"""
Journal Article,刘雨欣; 翁家俊; 刘咏怡; 洪婷; 黄港; 王建刚; 黄青,2021,基于数据挖掘《赵炳南临床经验集》中辨治湿疹外用方的用药规律,数据挖掘;《赵炳南临床经验集》;湿疹;外用药,"""目的:对《赵炳南临床经验集》中关于赵炳南治疗湿疹外用方的方药进行数据分析,为现代中医临床诊治湿疹病证提供参考。方法:收集《赵炳南临床经验集》中赵炳南治疗湿疹的临床病案,构建临证方药数据库,运用IBM SPSS Modeder18.0和SPSS Statistics 23.0软件对其药物的使用频次、药物功效、性味归经等进行统计分析。结果:根据纳入及排除标准进行数据清洗,最终符合条件的方剂共计24首,包含中药52味,用药总频次共计261次。数据结果显示,赵炳南治疗湿疹的高频常用药物中使用次数位于前三位的分别是黄柏(14次)、苦参(13次)和苍术(12次);药物功效使用频率较高的是清热药和攻毒杀虫止痒药,分别为23.08%(12/52)和17.31%(9/52);药性以寒性药使用频次最高(24次),药味则多选用辛味、苦味、甘味;按药物归经划分,使用频次最高的为肝经(24次),其次是脾经和肺经。通过关联分析,共得到关联数据18条(8条二项、8条三项、2条四项),核心组合为""""苍术-白鲜皮-大风子-防风-薄荷""""。核心药物聚类分析得到4类药组,分别是清热除湿解毒组合C1:青黛-威灵仙-白矾;收湿敛疮组合C2:麻油-五倍子-大风子;清热燥湿组合C3:苍术-大黄;清热止痒组合C4:黄柏-苦参。结论:从赵炳南辨治湿疹的外用方剂中了解到,其在治疗时善用具有发散功能的辛味药物及能够清热燥湿的苦寒类药物,旨在驱散外感风热湿邪,以黄柏、苦参、苍术为代表方药;在药物归经上多使用归肝脾二经的药物,以祛风止痒,收湿敛疮为目的;组方思路多以清热解毒,燥湿止痒的药物相配为主;外用剂型多样,有能够快速祛湿止痒的散剂;能够润滑和保护肌肤的膏剂;能够滋养润肤的油剂及能够清洁止痒的洗剂,患者可根据不同的症状来选择合适的剂型,提高治疗效果。《赵炳南临床经验集》中治疗湿疹的外用方剂的用药规律及学术思想对指导临床实践具有重要意义,值得继承和推广。"""
Journal Article,陈腾飞; 刘清泉,2019,基于中医外感病理论解析赵炳南“治风三方”,赵炳南;治风三方;外感理论;皮外科,"""赵先生从医60余载,拟定外用或内服经验方108首,其中""""治风三方""""配伍巧妙,用于治疗急慢性皮肤疾病疗效突出。基于中医外感病理论解析""""治风三方""""组方原理,分别以风热理论解析荆防方,以风寒理论解析麻黄方,以湿温理论解析全虫方,发现""""治风三方""""所治病症都属""""表证""""范畴,其中风热之邪偏胜者荆防方主之,风寒之邪偏胜者麻黄方主之,湿毒之邪偏胜者全虫方主之。""""治风三方""""组方思路来源于传统经典理论,方剂配伍参考了历代成方名方的配伍,用药结合了皮外科疾病的特点,使用皮外科专效药物。"""
Journal Article,刘昱旻; 刘清,2019,结合病案分析“治湿”在红皮病型银屑病中的应用,赵炳南;红皮病型银屑病;红皮病;湿;溻皮疮,"""红皮病型银屑病属于较严重的一种特殊类型银屑病,临床治疗较为困难。中医学认为本病病在血分,多循温病之卫气营血辨证,根据病程分期施治,病初辨毒热入营,渐至气阴两虚,久则成瘀,以此为基础形成了多种治疗方法。但仍有部分患者出现皮损长期不消退转为慢性红皮病,或伴发顽固性瘙痒,病情易反复等问题。通过研读赵炳南教授学术经验,并在临床中反复实践、总结,发现赵老在常规清热凉血解毒基础上常使用""""治湿""""之法,对于重症或顽固性红皮病有良效。结合具体病案阐明红皮病型银屑病""""治湿""""的使用时机、""""治湿""""的方法遴选、""""治湿""""与""""滋阴""""的权重判别等几方面,总结临床体会及教训,以便更好地传承和运用赵老的学术经验。"""
Journal Article,高益民,1982,介绍赵炳南教授临床部分效验方,,"""赵炳南教授在中医外科方面有多年的临床经验。作者对赵老在临床上惯用的龙胆泻肝汤、除湿胃苓汤、全虫方、秦艽丸等方进行整理总结,以便读者了解,达“借鉴”之目的。"""
Journal Article,,1972,介绍赵炳南老中医治疗带状疱疹的经验,,"""<正> 带状疱疹是病毒感染所引起的一种常见的急性疱疹性皮肤病。俗称“缠腰龙”。因其好发于胸腰部,故祖国医学称为“缠"""
Conference Proceedings,肖淑琴,2009,敬仰赵炳南,,"""<正>今年是赵老诞辰110周年,赵老离开我们已经25年,可他医术高超、医德高尚的作风永远留在我们心中,是我永远学习的榜样。我于1946年1月调到北京中医医院儿科工作,那时赵老是我院所领导(副院长、研究生所长)兼外科主任。我有幸在赵老领导下共事20年,虽我与赵老不在一个科室,但也能学到他的学术经验和他"""
Journal Article,徐宜厚,2009,略论赵炳南教授的用药之道,京城名医;赵炳南;用药规律,"""<正>""""道"""",《说文解字》释为""""人所行"""",引申为""""道理"""";现在字典、词汇、辞海等书,综合古今资料,将""""道""""的含义解释达l3种之多,这里主要是指""""学术的思想体系。""""很明显,""""道""""的境界明显高于经验谈之类,这就是我用""""道""""的出发点。我阅读《赵炳南临床经验集》后,初步统计,书中内服经验方包括汤剂"""
Conference Proceedings,徐宜厚,2009,略论赵炳南教授用药之道,,"""<正>引言首先了解""""道""""的含义,《说文解字》说:""""道者,人所行"""",引申为""""道理"""";现在字典、词汇、辞海等书,综合古今资料,将""""道""""的含义解释达13种之多,这里主要是指""""学术的思想体系。""""很明显,""""道""""的境界明显高于经验谈之类,这就是我用""""道""""的出发点。我阅读《赵炳南临床经验集》后,初步统计,书中内服经验万包括汤剂24首,丸丹药8首,膏剂6首,合计38首。外用方药包括散剂18首,软膏30首,药油5首,酒浸、水浸、醋浸7首。洗剂10首,药捻7首,合计77首。内服方与外用方总计为115首。如此众多经验方的公开,不仅反映了赵老不吝密术,普济众生的仁泽之心,而且是迄今为止的献方之冠。"""
Journal Article,张成志薛文辉,2002,缅怀赵炳南教授,,
Journal Article,张大萍,2014,皮科泰斗民族骄傲——写在现代中医皮外科奠基人赵炳南归真30周年,,"""<正>在回族名医中,曾经出现过一位德高望重的泰斗级人物,他给朱德委员长看过病,受到过周恩来总理的会见,是第二、三、四、五、七届北京市人大代表,担任过北京人大常委会委员,还是第四、五届全国人大代表。他就是我国现代中医皮外科的奠基人——赵炳南先生。学徒生涯从医之路赵炳南(1899-1984年),原名赵德明,经名伊德雷斯,祖籍山东德州。幼年时的赵炳南身体羸弱,8岁之前先后患上了麻疹、伤寒、猩红热、痢疾、疟疾和天花,几乎所有儿童传"""
Conference Proceedings,陈维文,2017,浅论赵炳南运用“和法”治疗皮肤病,,"""<正>和解剂是指病在表里、上下、营卫、气血之间,或病情寒热错杂,虚实互见,既不宜专功,又不宜纯补,选用寒热补泻药物妥善配伍,以调盈济虚,平亢扶卑,祛邪安正的一类方剂。其内容,广义地讲包括调和营卫,双解表里,和解少阳、透达膜原、调和肝脾、分消上下等。本文就赵老运用和法治疗皮肤病方面的经验总结如下:一、调和气血;二、调和肝脾;三、调和阴阳。"""
Conference Proceedings,赵岩松; 耿学英; 宋乃光; 蔡念宁; 张苍,2009,浅谈阴阳辨证与赵炳南的辨证思想,,"""<正>赵炳南先生是中医界著名的皮外科专家,在其数十年的临床生涯中救死扶伤、尽职尽责、救治患者无数,其高尚的医德和精湛的医术至今仍为后人所称道。赵老临床有独到的经验心得,创立很多内服、外用的皮外科效验方,有些仍在临床使用。阴阳辨证是赵老生前非常重视的辨证方法,因此,我们对阴阳学说及辨证作一简要整理,以期借此能更好地理解和继承赵老的辨证思想。"""
Journal Article,李伯华; 周冬梅; 张广中,2015,浅谈赵炳南“首辨阴阳”学术思想对皮肤病湿证治疗的指导作用,赵炳南;首辨阴阳;阴阳;湿证,"""赵炳南先生是我国当代中医皮外科泰斗,现代中医皮肤科的创建者,创立了一套独特的中医皮肤病辨治体系,创建了许多经典方剂和有效疗法,为中医皮肤科的创立和发展做出了巨大贡献。他治疗皮肤病以""""首辨阴阳""""为辨证原则,尤其是对于与湿相关的皮肤病,重点是辨别疾病属于湿热性亦或是湿气性,这实质是对皮肤病湿与热的辨证,是辨热重于湿抑或是湿重于热。这一思想尤其体现在对湿疹和带状疱疹的辨证治疗上,不仅如此,这一思想对于银屑病、痤疮等皮肤病的辨证和治疗,也有指导作用。学习和继承赵炳南学术思想,就应该坚持""""首辨阴阳""""的原则。"""
Conference Proceedings,李伯华; 周冬梅; 张广中,2014,浅谈赵炳南“首辨阴阳”学术思想对皮肤病湿证治疗的指导作用,,"""赵炳南先生治疗皮肤病以""""首辨阴阳""""为原则,尤其是对于与湿相关的皮肤病,重点是辨别疾病属于湿热性亦或是湿气性;是热重于湿抑或是湿重于热。这点尤其体现在对湿疹和带状疱疹的辨证治疗上。学习和继承赵炳南学术思想,就应该坚持""""首辨阴阳""""的原则。"""
Conference Proceedings,孙刘红; 张苍; 蔡念宁,2009,浅谈赵炳南治疗狐惑病的经验,,"""<正>赵炳南先生是我国现代著名中医学家,以擅长中医皮科、外科而闻名,其独特的学术思想、临床经验,对后世影响很大。在皮肤病临床治疗上,重视整体观念,常说""""皮肤疮疡虽形于外,而实发于内。没有内乱,不得外患。""""赵老认为阴阳之平衡,气血之调和,脏腑经络之通畅,与病损变化息息相关,在血管炎及免疫相关性皮肤病治疗中,一方面善于应用调和阴阳、中和气血的药物,另一方面,特别注意外治的辨证与用药方式,对外用药的配制、使用有独到之处,因而常能取得满意疗效。"""
Journal Article,张瀚元; 徐旭英; 孙丽蕴,2024,秦艽丸治疗泛发性脓疱型银屑病临证阐析,泛发性脓疱型银屑病;秦艽丸;赵炳南;名医经验;中医,泛发性脓疱型银屑病是皮肤科的疑难重症，严重时可能危及患者生命。中医皮外科创始人及奠基者赵炳南教授认为本病是由湿、热、毒互结郁于血分，发于肌肤所致，疾病后期易化瘀，并导致气血失和。秦艽丸有凉血活血、除湿解毒、养血益气之效。赵炳南教授运用秦艽丸临证加减治疗泛发性脓疱型银屑病，热象重者加用槐花、丹参，湿象重者加白鲜皮、地肤子、苦参、土茯苓、苍术、白术，顽湿不退者加虫类药物，阴血亏耗者加当归、生地黄。秦艽丸能够缓解皮损糜烂黏腻、脓疱、红肿疼痛之象，促进皮损消退。
Journal Article,杨岚; 姜春燕; 李伯华; 周冬梅,2019,清热除湿汤在皮肤病治疗中的辨证应用,清热除湿汤;辨证治疗;皮肤病;赵炳南;湿热证;异病同治;临床经验;急性期,"""清热除湿汤是北京中医医院的院内制剂,由著名的中医皮外科专家赵炳南教授所研制,是临床常用的治疗湿热所致皮肤病的经验方,由龙胆草、黄芩、生地黄、车前草、生石膏、白茅根、大青叶、六一散组成,具有清热除湿、凉血解毒的作用,临床用于治疗急性湿疹、过敏性皮炎、带状疱疹等多种皮肤病,疗效较好。根据""""异病同治""""的中医治则,目前还扩展应用于痤疮、脂溢性皮炎、银屑病、激素依赖性皮炎等属于湿热证者。从清热除湿汤的药物组成、功用主治、配伍应用、药理研究等方面阐述清热除湿汤的辨证应用,旨在传承名老中医的临床经验,并加以灵活运用,发挥传统有效方剂的特色,为患者解决病痛。"""
Journal Article,蔡念宁; 李敏; 张广中; 王倩; 周守红,2008,祛湿健发汤治疗男性型脱发36例疗效观察,祛湿健发汤;男性型脱发;赵炳南;名医验方,"""<正>男性型脱发,又称雄激素源性脱发,过去曾强调此种脱发伴有皮脂溢出而称为脂溢性脱发[1]。男性型脱发是皮肤科临床的常见病及难治性疾病之一,好发于20～30岁的男性青壮年,"""
Journal Article,亚晓旭; 李伯华; 张苍,2019,全虫方治疗结节性痒疹探讨,全虫方;结节性痒疹;赵炳南,"""结节性痒疹是一种以结节为典型皮损,剧烈瘙痒为主要症状的慢性炎症性皮肤病,减轻瘙痒症状是结节性痒疹治疗的关键。全虫方是赵炳南先生根据其临床经验创制,对于控制瘙痒症状以及促进皮疹消退作用突出,可以打破""""搔抓-加重""""的恶性循环,治疗结节性痒疹疗效确切。在临床应用中辨证准确是全虫方取效的关键,根据疾病不同时期以及患者不同情况灵活化裁,方能发挥出最好的效果。"""
Conference Proceedings,陈凯,2009,全国著名中医皮外科专家赵炳南教授临床经验及特色疗法,,"""<正>一.生平简介赵炳南(1899-1984)。字德明。回族。河北省宛平人,祖籍山东德州。因家境贫寒,只读过六年私塾。14岁在北京德善医室从师丁德恩先生,专习中医外科,弱冠学成,设馆行医。曾任旧北平中医公会外科委员,华北国医学院外科教授。"""
Conference Proceedings,方大定,2009,深切怀念赵炳南老师及其风范与学术思想,,"""<正>在纪念赵炳南老师诞辰110周年的日子里,回忆过去随赵老师学习的岁月,一直难以忘怀。1954年我从医学院毕业,分配到中国医学科学院皮肤性病研究所工作。当时正值批判轻视、歧视中医错误思想的历史时刻,毛主席指出:""""中国医药学是一个伟大的宝库,应当努力发掘加以提高"""",并号召西医学习中医。皮研所适时组织全所医师学习中医,聘请赵炳南老大夫每周一次来所讲课并会诊病人,所领导指定我随赵老学习,这就是我从师赵炳南的开始。第一堂课由皮研所所长我国当代首屈一指的西医皮肤科泰斗胡传揆教授主持,介绍赵老和大家见面。所内医师对赵老原汁原味的中医讲述很好奇,听得很感兴趣。我听课时一字一句做了记录,所里给印成讲义,人手一份。"""
Conference Proceedings,李乾构,2009,深切怀念赵炳南院长,,"""<正>赵老曾任北京中医医院副院长,北京中医研究所所长,北京第二医学院中医系教授。赵老精湛的医术,良好的医德,得到国家和人民的敬重,曾多次受到毛泽东主席、朱德委员长、周恩来总理的接见。今天,走进首都医科大学附属北京中医医院的多功能厅,一眼就能看见赵老的照片,赵老为我国的中医皮外科事业和北京中医医院的建设和发展做出了卓越贡献,赵老虽然已经离开我们二十多年,但他精神一直鼓舞着一代又一代北京中医院人。"""
Thesis,孟旭,2014,生物共振技术筛选寻常型银屑病血热证常用中药与赵炳南经验方一致性比较研究,生物共振技术;凉血活血汤;寻常型银屑病;血热证;中药筛选,"""背景：银屑病是一种常见并易复发的慢性炎症性皮肤病,典型损害为红斑基础上覆有层层银白色鳞屑,具有薄膜现象及点状出血。属中医“白庀”范畴。因本病皮损广泛,大量脱屑,迁延不愈且伴有瘙痒,给患者的身心健康和生活质量带来严重影响。本病的病因和发病机制至今尚未完全清楚,一般认为本病是多因素综合作用的结果：包括遗传因素、免疫因素、感染因素、内分泌因素和神经精神因素等。由于病因复杂,目前尚无特效疗法。中医治疗本病历史悠久,经验丰富,现代医家吸取前人经验,不断探索创新,总结出以从血论治为基础的辨证治疗思路,疗效确切,为广大患者所接受。然而,由于临床医师大多根据自己的经验来辨证分型、选方用药,故缺乏统一、公认的中医辨证分型标准,使得银屑病中医治疗的规范性和可重复性较差,不利于中医药的发展。目的：本研究在北京中医医院赵炳南老专家治疗寻常型银屑病血热证学术思想的基础上,使用MORA生物物理治疗仪对血热证患者进行中药筛选,观察筛选出中药组成与赵炳南经验方的一致性,并根据筛选结果优化组方用药,为进一步优化银屑病血热证中医诊疗方案提供依据。方法：所有病例均来源于2014年1月至2014年3月北京中医医院皮肤科门诊及病房患者,共纳入寻常型银屑病血热证患者30例。本试验以MORA生物物理治疗仪“药物筛选程序”对30例寻常型银屑病血热证患者进行中药筛选,中药选取临床上用于治疗银屑病常用中药,包括凉血活血、养血解毒、活血化瘀及清热除湿等功效的中药,记录使MORA设备数值达到100的中药,汇总后观察筛选中药与赵炳南治疗寻常型银屑病血热证经验方是否具有一致性。结果：共筛选出中药46味,包括生槐花,赤芍,丹参,鸡血藤,玄参,紫草,白茅根,生地,龙胆草,土茯苓,生石膏,生薏米,草河车,黄芩,白鲜皮,茵陈,丹皮,金银花,生甘草,茯苓,连翘,白蒺藜,威灵仙,忍冬藤,当归,麻仁,陈皮,生大黄,大青叶,板蓝根,桃仁,车前草,白花蛇舌草,鬼箭羽,麦冬,天冬,蜂房,三棱,六一散,败酱草,苦参,紫花地丁,水牛角,北豆根,天花粉,虎杖。其中频次出现最多的前8味中药为生槐花27次,赤芍23次,丹参23次,鸡血藤22次,玄参22次,紫草19次,白茅根17次,生地16次,即包含了赵炳南经验方凉血活血汤。结论：本研究验证了寻常型银屑病血热证生物共振技术中药筛选方剂与凉血活血汤的一致性,并提出了加减方案,使临床医生辨证用药有客观依据。由此提出假说——生物共振技术能够帮助优化中药治疗方案,围绕此假说可以开展各学科临床方剂的验证和优化研究。"""
Journal Article,杨功瑞; 徐旭英; 孙丽蕴,2024,孙丽蕴教授基于燕京赵氏皮科阴阳辨证论治过敏性紫癜经验,孙丽蕴;过敏性紫癜;赵炳南;阴阳辨证;经验;内外合治,过敏性紫癜属中医“葡萄疫”范畴，是临床常见的难治性疾病。孙丽蕴教授在传承燕京赵氏皮科“首辨阴阳”思想基础上，进一步将本病划分为病起之阳斑、病进之阳斑及阴斑，补充本病阴阳辨证论治体系。阳斑治用凉血五根汤化裁，病起之阳斑重清热凉血祛风，病进之阳斑重活血养阴；阴斑治用养血健脾经验方化裁，健脾益气、养血消斑、止血。孙教授辨伴发肢体水肿之阴阳，阳证用白茅根、丝瓜络祛风清热行水，阴证加赤茯苓皮、川牛膝健脾化瘀利水；内外同理，外治上对三阶段分别予以芙蓉膏清热凉血，紫色消肿膏化瘀，紫草茸油健脾活血。本文特举典型病案予以总结。
Journal Article,张会娜; 亚晓旭; 周冬梅; 王莒生,2021,王莒生用多皮饮治疗荨麻疹经验,慢性荨麻疹;赵炳南;王莒生;多皮饮;名中医经验,"""多皮饮源自《三因方》中五皮饮,是名老中医赵炳南教授的经验方,王莒生教授作为赵氏皮科流派的主要传承人之一,对于多皮饮的应用有自己独到的心得,在充分分析多皮饮功能主治的基础上,提出多皮饮具有健脾清热除湿作用,所治主症热多寒少,临床上用于治疗慢性荨麻疹可虚可实,可寒可热。"""
Journal Article,本刊综合,2020,为振兴中医事业贡献绵薄之力——记中国著名皮外科专家、全国劳动模范赵炳南,,"""<正>人物小传:赵炳南(1899—1984),回族,祖籍山东德州,生于河北宛平(今北京市丰台区宛平城)。幼年多病,14岁拜北京丁德恩为师专攻外科,刻苦学习医药典籍,学习外科医术和方药炼制,终于成为一名医术精湛、深得人民信赖的皮外科专家。他对红斑狼疮、白塞氏病、湿疹、银屑病、神经性皮炎、慢性瘘管、溃疡的防治和研究都取得了很大进展。创制了许多外治疗法,特别是黑布药膏疗法治疗瘢痕疙瘩,在国内外享有盛名。在党和政府的关怀下,他行医、"""
Thesis,普思琪,2023,五皮五藤饮加减方治疗慢性荨麻疹的临床观察,临床观察;慢性荨麻疹;五皮五藤饮;赵炳南,"""目的:本研究拟明确“五皮五藤饮加减方”治疗慢性荨麻疹的疗效和安全性,包括慢性荨麻疹的症状改善、疾病控制情况、对生活质量的改善、复发情况及抗组胺药减停情况,为赵炳南教授经验方“五皮五藤饮加减方”治疗慢性荨麻疹提供更充足的临床证据。方法:采用单臂试验设计,将符合慢性荨麻疹诊断标准的44例受试者纳入试验,接受口服五皮五藤饮加减方治疗28天,分别于首次就诊时、治疗后第7天、第14天、第28天时,使用自制调查表收集患者基本病例信息及慢性荨麻疹相关信息,如实记录患者症状、体征变化,填写临床严重程度评分表、UAS7评分表、UCT评分表、CU-Q2oL评分表;治疗结束后第4周按时随访,观察复发情况;根据患者病情需要,服用抗组胺药物,并记录服用时间和服用剂量;并观察不良反应、治疗结束后行肝肾功能检查以评估安全性。以临床严重程度评分为主要疗效评价指标计算治疗有效率。所有研究资料均使用SPSS.23进行统计分析。结果:1.本研究共纳入51例慢性荨麻疹患者,其中44例完成治疗和随访,完成率86.27%;受试者中,男性17例,女性27例,年龄为19-68岁,平均36.5岁,平均BMI为22.46±3.31;病程最短为1.5月,最长为600月,平均病程为58.63月;病情严重程度评价方面,临床严重程度评分平均为12.91±2.38,UAS7平均为31.80±7.57分,UCT评分平均为5.05±1.93分,CU-Q2oL平均分为36.55±12.61。2.根据临床严重程度评分,以症状积分下降指数评定有效性,4周治疗结束后总有效率为84.09%,愈显率为36.36%,治愈率为2.27%。随治疗时间增加,临床严重程度评分、UAS7评分呈逐渐下降趋势(P<0.01),治疗结束后分别为6.50(5.00,8.00)和12.11±7.52,UCT评分较治疗前增加(P<0.01),治疗结束后为10.52± 1.82。瘙痒、皮损外观评分治疗1周后即有明显下降,皮损持续时间、风团大小、风团分布在治疗2周后开始有明显下降,荨麻疹每日发作频率改变不明显,但7天内荨麻疹发作天数有所减少。CU-Q2oL评分在治疗期间逐渐下降,治疗4周后总评分为18.59±7.98,活动/精神状态、睡眠、瘙痒/困扰评分较治疗前下降(P<0.01),限制、肿胀、饮食/药物无统计学意义。3.治疗4周后,服用抗组胺药的患者中,15例(41.67%)患者停药,16例(44.44%)患者减药,5例(13.89%)患者维持药量,总减停率为86.11%。4.治疗结束后第4周时,对治愈和显效的16例受试者进行随访,其中9例复发,7例未复发,复发率为56.25%。5.试验期间无重大不良反应事件发生,受试者血常规、肝肾功未见明显升高及异常。结论:本研究初步探索了五皮五藤饮加减方治疗慢性荨麻疹的临床疗效,该方可以改善慢性荨麻疹的症状、体征、发作频率和病情严重程度,提高病情控制程度,降低慢性荨麻疹对生活质量的影响,也可使受试者的抗组胺药使用量逐渐减量,且具有一定的安全性。"""
Journal Article,霍珍; 罗亚萍; 潘利敏; 赵亚云; 张宁,2019,五皮五藤饮治疗风湿痹病临床应用研究,五皮五藤饮;赵炳南;风湿痹病;干燥综合征;皮肤血管炎;系统性红斑狼疮;异病同治,"""五皮五藤饮原为京城名中医赵炳南治疗皮肤病的经验方,后被张炳厚教授扩大其治疗范围。导师罗亚萍教授有幸跟随张老学习并参透方理,在临床工作中将此方灵活化裁用于治疗干燥综合征、皮肤血管炎、系统性红斑狼疮等兼有皮肤症状的风湿痹病,收效满意。吾辈侍诊,略有心得,现研究分析其诊治机理,以飨同道。"""
Conference Proceedings,陈学荣,2011,学习张志礼教授把赵炳南学术思想发扬光大,,"""<正>张志礼教授是我们的良师益友,他1955年毕业于西安医科大学医学系,59年参加并京首届西医离职学习中医研究班,系统学习中医3年,他毕业后师从著名中医赵炳南教授,他曾长期跟随赵炳南老师临床应诊,作为赵炳南的弟子,他深得赵氏的真传,他精通本专业的中西医基础理论,有丰富的临床经验,他总结整理继承了赵老的学术遗产,并把他发扬广大。"""
Journal Article,张董晓; 付娜; 高畅; 李书琪; 吕培文,2020,燕京外科流派名家内治浆细胞性乳腺炎经验,燕京外科流派;浆细胞性乳腺炎;赵炳南;王玉章;房芝萱,"""燕京外科流派名家由御医、京内名医、外省名医汇集而成,其在浆细胞性乳腺炎的诊治方面有丰富经验和独到特色,不同医家在治疗上又各有偏重。浆细胞性乳腺炎治疗难度大且易于复发。文章整理燕京外科流派名家赵炳南、房芝萱、王玉章教授治疗浆细胞性乳腺炎学术特色及吕培文教授传承经验,从病因病机、分期治疗、名家经验等方面进行论述,希冀与同道共同传承名老专家经验,提高临床诊疗水平。"""
Journal Article,郑倞; 孙丽蕴,2023,燕京学术流派赵炳南治疗药物性皮炎经验,药物性皮炎;药疹;湿毒疡;赵炳南;名医经验,总结赵炳南治疗药物性皮炎的经验。赵炳南认为药物性皮炎属“湿毒疡”范畴，主因内蕴湿邪，外受毒侵，湿毒合邪郁而化热所致。其认为皮炎病性属实，以脾湿不运为本、毒热壅盛为标。主张从“湿、毒、热”论治，利湿为基本治则，清热、解毒为重要治法，同时配合凉血养阴、健脾益气，并根据临床辨证分型加减化裁，疗效显著。
Journal Article,曹洋; 李伯华; 周涛; 张苍; 曲剑华; 蔡念宁; 周冬梅,2021,燕京赵氏皮科流派“甘草油调中药散”的临床应用,燕京赵氏皮科流派;赵炳南;中药外治;甘草油,"""赵炳南先生强调皮肤病的外治需辨明病性的阴阳、病位的深浅、病势的缓急,创新诸多中药外治制剂,其中以甘草油作为赋形剂、不同功效的中药散剂作为溶质调配出的""""油调剂"""",是代表性方药之一。从调配性、附着性、涂展性以及减轻刺激、减少耐药的角度,""""甘草油调中药散""""都具有独特的优势,特别适用于糜烂渗出、水疱脓疱等,能以最大限度地符合皮损实际情况进行治疗。作为燕京赵氏皮科流派传承的特色制剂,""""甘草油调中药散""""应加以继承及发展,助推皮肤疾病中药外治法的发展。"""
Journal Article,侯雨彤; 王萍; 孙丽蕴,2022,燕京赵氏学派从阴阳调和论治狼疮性脂膜炎经验,狼疮性脂膜炎;调和阴阳;秦艽丸;赵氏学派;赵炳南,"""狼疮性脂膜炎,中医称之为""""红蝴蝶疮""""""""阴阳毒"""",其发病与阴阳失调关系密切,主要证型包括毒热炽盛证、阴血虚亏证、毒邪攻心证、肾阴亏损证、邪热伤肝证。燕京赵氏学派创始人赵炳南教授以着""""调和阴阳""""为原则,通过自身临床经验将秦艽丸化裁为秦艽五味方,有调和阴阳,攻补兼施之效,根据相应证型进行加减配伍,在临床上获得较好的疗效。总结燕京赵氏皮科学派从阴阳调和论治狼疮性脂膜炎的经验。"""
Journal Article,侯雨彤; 孙丽蕴,2021,燕京赵氏学派赵炳南教授“止痒合剂”在瘙痒诸证中的临证应用,赵炳南;瘙痒;风瘙痒;止痒合剂,"""瘙痒是一种皮肤病的常见症状,目前其发病机制尚不十分明确,西医治疗虽有较快的疗效,但却伴随较多的不良反应,且易复发。中医学称之为""""风瘙痒"""",古籍文献中存在着大量对""""风瘙痒""""的相关论述,燕京赵氏学派创始人赵炳南教授在研读大量古籍基础上,本着""""扶正祛邪""""的原则,通过自身临床经验创止痒合剂,其组成为:防风、首乌藤、白鲜皮、白蒺藜、当归、苦参,六药合用从祛风、除湿、清热、杀虫、养血不同方面入手,以达养血润燥、祛风止痒之功。在治疗瘙痒诸证及预防其复发方面有着较好的效果。本文旨在论述止痒合剂的组成及其在临床中治疗风盛证、热盛证、湿盛证、虫淫证、血虚证瘙痒的临证应用。"""
Journal Article,李冠汝; 孙丽蕴; 王萍,2019,燕京赵氏学术流派中医外治临方调配应用分析,中药外治;赵炳南;经验;临方调配,"""赵炳南教授在传统中医外治临方调配基础上,对临方调配方剂、方法、辅料进一步研究,常用油剂如甘草油、紫草油、蛋黄油等;继承润肌膏又创赵氏清凉(爽)膏,并衍生祛湿药膏、黄连软膏、阴蚀黄连膏、白蔹膏、苦参膏、复方化毒膏,均为油蜡药面膏制剂;古方软膏丰富,赵老尤善临方调配普连膏(芩柏膏)、普榆膏、紫色消肿膏,效果极佳。王萍教授承袭赵老经验,带领北京中医医院皮肤科深入钻研,在介质及用药方面不断尝试,对老专家经验遵循""""师古创新""""的治学思想,坚持中医外治辨证论治与临证配药,不断提高中医诊治皮肤病水平。"""
Conference Proceedings,孙丽蕴; 王萍; 张广中,2009,应用赵炳南教授“多皮饮”治疗慢性荨麻疹临床验证,,"""<正>多皮饮系赵炳南教授在五皮散的基础上化裁而出,治疗多种皮肤疾病的有效方剂。五皮散出自《华氏中藏经》,主要方药为生姜皮、桑白皮、陈皮、大腹皮、茯苓皮;具有清脾利水消肿,理气健脾的功能;适应于脾虚湿盛,气滞水泛之皮水证。赵炳南教授取其以皮达皮之意,在此基础上创立了多皮饮。处方组成为地骨皮、五加皮、桑白皮、干姜皮、大腹皮、白鲜皮、牡丹皮、茯苓皮、冬瓜皮、扁豆皮、川槿皮。方以健脾除湿,疏风和血。适用于湿疹、荨麻疹、银屑病等湿邪在皮,以祛肌肤之水;较之五皮饮更有凉血疏风止痒之功。"""
Journal Article,武水斗; 伊书红,2013,应用赵炳南老中医“全虫方”治疗顽湿聚结的体会,全虫方;顽湿聚结;结节性痒疹,"""目的探讨赵炳南老中医全虫方治疗顽湿聚结的疗效。方法将128例顽湿聚结的患者随机分为2组各64例,对照组给予沙利度胺片50 mg,每日3次,口服;治疗组给予赵炳南老中医全虫方分湿热蕴结和血瘀风燥2型辨证加减治疗。结果患者总有效率比较,治疗组97%,对照组81%,差异有统计学意义。结论赵炳南老中医全虫方治疗顽湿聚结有较好的疗效。"""
Journal Article,蔡念宁,2009,硬皮病辨治经验概述,硬皮病;赵炳南;张志礼;辨证治疗,"""<正>硬皮病属风湿免疫性疾病范畴,习惯沿用结缔组织疾病,临床分为系统性硬化病和限局性硬皮病两类。该病的属性确定了该病的治疗难度与预后。中医学认为硬皮病属""""皮痹""""""""皮痹疽""""范畴,病因总为"""
Journal Article,王倩; 蔡念宁; 周冬梅; 曲剑华,2020,运用赵炳南经验从寒热辨治荨麻疹探析,赵炳南;寒热辨治;荨麻疹;麻黄方;荆防方,"""荨麻疹是皮肤科常见的变态反应性疾病,典型表现为皮肤出现不同程度的瘙痒性风团,发无定处、骤起骤退,多病情缠绵、反复发作、易诊难治。现代中医皮肤科的奠基人和开拓者赵炳南名老中医,创立了中医皮肤科疾病辨证论治体系,对荨麻疹这一难治性皮肤病的辨证论治有独到的见解,认为风邪是主要致病条件,可夹寒夹热,风与寒热相合致病,风寒、风热之邪在一定条件下还可以互相转化;提出荨麻疹的治疗总则是疏散风邪、平调寒热、调和营卫、调理气血,赵老强调,荨麻疹临证当首辨寒热,以祛风为主,根据夹寒夹热的不同,或散寒或清热,以达到良好的疗效。在赵炳南先生的内治八法中,疏风解表止痒法的代表方剂即为""""麻黄方""""和""""荆防方"""",分别对应荨麻疹的风寒和风热二证。"""
Journal Article,普思琪; 孙丽蕴,2023,再谈燕京赵氏皮科流派赵炳南教授“从血论治”红皮病型银屑病,赵炳南;红皮病型银屑病;从血论治;燕京赵氏皮科流派;名医经验,红皮病型银屑病为皮肤科疑难重症，皮损泛发全身，累及表皮较大面积，燕京赵氏皮科流派创始人赵炳南教授认为本病病位在血，血分热邪、血分毒邪、血分阴虚为3大关键因素。本病主因血分蕴热化火，进而内生或外受毒邪引动血分火邪，火毒炽盛，郁于营血，外发肌肤而来，后期迁延则以血分阴伤为主，正虚邪恋；治疗上赵炳南教授从血分出发，总以“清热、解毒、养阴”为纲，随病情发展，分期治以清热凉血，泻火解毒、清营护心，养阴益气、清解余邪。
Journal Article,张志礼孙在原陈凯邓丙戍,1987,赵炳南,赵炳南;传记;河北,"""<正> 赵炳南(1899—1984),回族,河北省宛平县(今属北京市)人,中医皮外科专家、教授。赵老自幼家境贫寒,只读过6年私塾。14岁从师学徒,专攻中医外科,1924年"""
Journal Article,张雨琪; 李宗友; 王映辉; 李敬华; 于琦; 朱玲; 姜威; 杨佳楠; 宋源; 于彤,2021,赵炳南、朱仁康皮肤科流派用方经验知识图谱构建,学术流派;知识图谱;方剂;中医皮肤科;隐性知识,"""目的构建用方经验知识图谱,辅助北京皮肤科赵炳南、朱仁康流派学术思想与临床经验传承。方法以书籍、论文为数据来源,制定包含疾病、证候、症状、病程阶段、治则、方剂、中药、用法、医家及其间关系的知识框架。基于框架编写知识抽取表,获取包含多类实体、关系的知识,将每条知识的唯一编码设置为所涉实体、关系的知识来源属性。参考术语标准,计算术语相似度,使用Protégé为证候术语构建本体。将本体对关系的匿名类表述修改为三元组,与知识图谱融合,选择图数据库Neo4j,导入知识并发布于在线平台。结果构建了包含5999个实体、20312条关系的赵炳南、朱仁康皮肤科流派用方经验知识图谱。约束涉及医家间有师承关系,可获取流派知识;约束知识来源属性相同,可区分涉及多类实体的已有知识与因知识融合而显现的隐性知识;也可通过实体、关联深度的筛选进行快速检索。结论通过知识图谱可便捷地获取、对比流派知识,能够辅助名老中医知识的传承、创新。"""
Journal Article,张董晓; 付娜; 黄巧; 赵文洁; 东浩; 孙宇建,2021,赵炳南“四藤”组合组方思路在乳腺疾病中的应用与发展,乳腺疾病;肉芽肿性乳腺炎;浆细胞性乳腺炎;乳腺癌;藤类药;名医经验;赵炳南,"""基于赵炳南著作及其学术传承人总结的赵炳南经验,探讨""""四藤""""组合思路及其在乳腺疾病中的应用。四藤组合由天仙藤、首乌藤、鸡血藤、钩藤组成,体现出调和阴阳、沟通内外、调节气血的特点。在此组合基础上衍生出诸多方剂,广泛应用于乳腺增生、哺乳期乳腺炎、肉芽肿性乳腺炎、乳腺恶性肿瘤等各类乳腺疾病的治疗。并从""""四藤""""诸药在乳腺疾病中的应用、""""四藤""""组合选药机理、""""四藤""""组合衍生方""""四藤""""二红汤、""""四藤""""二红汤配合后天固本饮、益肾通脉汤的组方机理及临床应用等方面阐述赵炳南""""四藤""""组合思路在乳腺疾病中的应用与发展。"""
Journal Article,冯晓刚; 周光,2009,赵炳南87例皮肤病医案立法与组方用药规律探讨,赵炳南;皮肤病;用药规律,"""对赵炳南皮肤病87例医案用药从功效、四气、五味及归经进行统计分析,结果显示:清热药、苦寒药、心肝经药物使用最多。以方测证,概括出赵炳南以湿热立论,强调脏腑辨证,善从心肝火盛论治。突出清泄与宣透,凉血与解毒,健脾与清解,养血与敷布相配伍的用药规律。"""
Journal Article,王闯; 尚洪宇; 曹译文; 王根林,2022,赵炳南白疕1号治疗寻常型银屑病血热型临床观察,寻常型银屑病;血热型;赵炳南白疕1号;对照治疗观察,目的：观察赵炳南白疕1号治疗寻常型银屑病血热型的临床疗效。方法：52例用随机数字表法分为治疗组和对照组各26例，治疗组予赵炳南白疕1号口服，对照组口服雷公藤多苷片。结果：治疗组总有效率高于对照组（P<0.05）。治疗后两组红斑、浸润、鳞屑及皮损面积等PASI积分均改善，且治疗组改善优于对照组（P<0.05）。结论：赵炳南白疕1号治疗寻常型银屑病血热型疗效较好。
Journal Article,姜春燕; 张广中; 孙丽蕴; 张苍; 杨岚; 曲剑华; 周冬梅,2019,赵炳南白疕三方应用阐微,赵炳南;白疕;银屑病;临床应用;中医药疗法,"""中医皮外科泰斗赵炳南教授创立的白疕一、二、三号方是临床治疗银屑病的常用方剂,疗效卓著。总结赵炳南教授及其亲传弟子使用白疕三方的经验,深入阐发白疕三方的辨证要点、配伍用药特征和临床化裁规律。""""白疕一号""""主治血热证,凉血活血、权衡机宜;""""白疕二号""""主治血燥证,养血解毒、攻补兼施;""""白疕三号""""主治血瘀证,活血散瘀、气血同调。三方以治血为宗,兼理肠胃,常多方联合,灵活化裁,拓展应用。通过对白疕三方的分析,启迪和引领银屑病的中医治疗思路,提高中医治疗银屑病的疗效。"""
Journal Article,张苍,2019,赵炳南辨治皮肤湿病理法探究,赵炳南;皮肤湿病;疏风除湿汤;除湿胃苓汤;清热除湿汤;清脾除湿饮;搜风除湿汤,"""皮肤湿病是指以湿为核心病机,以湿象为主要临床表现的皮肤疾患。皮肤湿病发生之前必有蕴湿藏于皮之下肌之外。蕴湿或被六淫邪气诱发,或被体内伏火蒸腾,造成皮肤湿病的急性发作,前者轻,后者重。皮肤湿病急性发作之后会有多种转归,若湿邪滞表,形成湿痹,则会变为皮肤顽症。针对皮肤湿病的不同发作状态可以选用疏风除湿汤、除湿胃苓汤、清热除湿汤、清脾除湿饮等治疗。针对湿痹,搜风除湿汤全面反映了赵老的治疗思路。"""
Conference Proceedings,张苍,2014,赵炳南从风、湿论治皮肤病,,"""赵老对皮肤病的认识是这样的,就是气血津液的辨证体系,在这个体系之下可以分为三方面来看,第一气的异常,其中流动的气是风邪,亢奋的气是热邪,凝滞的气是火毒,第二方面是血的异常,其中血的不足是血虚,血的不通是血瘀。第三方面是津液的异常,津液的不足是燥,津液的异常凝聚是湿邪。以上为皮肤病的三大要点,在此三大关注要点之上,如果正气反应亢盛那么表现为热证,这种情况比较多见,如果正气反应不足表现为寒证,这种情况相对少见。我们在诊治皮肤病的过程中要始终关注以下几方面的问题,我们要问自己,这个患者他的风邪有多少?他的风邪是否和湿邪结合到一起?这个患者他的湿邪有多少?他的湿是顽固的?还是流动的?是粘滞的?还是无形的?是寒是热?我们要问自己,他是否存在着血液的异常?如果存在,是血热?血瘀?还是血虚证?在对以上三方面的问题获得清晰的答案之后,我们就可以有针对性的进行立法处方治疗了。"""
Journal Article,娄卫海; 曲剑华,2014,赵炳南从湿论治天疱疮经验,赵炳南;天疱疮;从湿论治,"""赵炳南先生是近现代著名的中医皮外科名家,燕京学派的开山祖师。其对""""天疱疮""""的学术见解,是根据个人的临床实践,在继承前人经验的基础上有所发挥和创新,认为""""湿""""是辨证论治的核心,临征中既强调原则性,又不失灵活性,在口服汤剂同时辅以外治法。"""
Conference Proceedings,金力,2009,赵炳南等医家经验方剂在湿疹皮炎类疾患中的临床运用体会,,"""<正>赵炳南老先生是我国北京地区著名中医家,擅长中医皮外科,在我国近代中医外科发展史上占有着重要地位。笔者在临床工作中,通过应用赵老先生等医家的经验方剂治疗湿疹皮炎类疾病取得了较好的疗效。现将湿疹皮炎类疾患的临床表现、中医辨证施治原则、经典代表方剂及赵炳南等老先生的经验方剂临床运用体会介绍如下。文中部分内容系笔者个人的观点,仅供参考,望大家不拘学派共同磋商,以便达到进一步提高临床疗效的目的。"""
Journal Article,张怀亮; 陈正琴; 张新翠,2012,赵炳南颠倒散古方痤疮、酒渣鼻和面部脂溢性皮炎传承治疗经验介绍,赵炳南;痤疮;治疗;传承,"""1989年以来,我们继承和发扬我院赵炳南名老中医50年来的临床治疗经验,将颠倒散用于痤疮、酒渣鼻和面部脂溢性皮炎的中医美容治疗,得到满意的效果,现将颠倒散用于面膜治疗痤疮的方法和配制方法介绍如下,并将赵炳南老中医50年以来在我院工作临诊期间的珍贵学术资料,包括简易手刻本、线装手刻本以及医院继承人所编辑的书籍原件图片首次展示和分析如下。"""
Journal Article,徐景娜; 娄卫海,2019,赵炳南调和阴阳法治疗白塞氏病经验总结,调和阴阳法;赵炳南;白塞氏病,"""赵炳南教授晚年临证中着重体现整体治疗观的临床应用,重视调和阴阳,常用""""四藤""""配伍,并将该疗法应用于众多皮肤疾病的治疗中。20世纪七八十年代,赵老将调和阴阳法运用于白塞氏病治疗,取得了较好的疗效。阐明白塞氏病病因病机和临床用药,对经赵教授治疗的25例白塞氏病病例的用药规律进行归纳,总结赵老的调和阴阳学术思想的临床应用。"""
Journal Article,李敏; 张苍; 蔡念宁,2009,赵炳南调和阴阳治疗慢性荨麻疹经验探析,赵炳南;调和阴阳;慢性荨麻疹;临床经验,"""慢性荨麻疹病程较长,易反复发作,临床治疗困难。现代中医皮肤科的奠基人赵炳南教授以调和阴阳、中和气血法配合灵活多样的外治法治疗慢性荨麻疹的经验少有人知,笔者收集大量赵老70年代的原始病历,从中探析赵老以调和阴阳之法治疗慢性荨麻疹的经验。"""
Conference Proceedings,李敏; 张苍; 蔡念宁,2009,赵炳南调和阴阳治疗慢性荨麻疹经验探析,,"""<正>慢性荨麻疹病因复杂,病程较长,易反复发作,临床治疗困难。现代中医皮肤科的奠基人赵炳南教授对此有独到的思路和见解。在《赵炳南临床经验集》、《简明中医皮肤病学》中,赵老论治慢性荨麻疹风寒型、血虚受风型的经验已广为人知,但以阴阳不调、气血不和立论,以调和阴阳、中和气血法配合灵活多样的外治法治疗慢性荨麻疹的经验尚少有人知。我们近年又收集到大量赵老70年代的原始病历,从中发现一些这方面的资料,今特以病例介绍如下。"""
Journal Article,高益民,2009,赵炳南独特学术流派的初步研究——从编写《赵炳南临床经验集》的体会谈起,赵炳南;老中医经验;学术流派;中医皮外科,"""《赵炳南临床经验集》是对赵老的临床经验和学术思想系统记录、整理和研究的专著,按照皮外科主要病证分类,以热毒、湿毒以及血分病证进行归纳,加上赵老对于皮科瘙痒主症的辨治思路,完整系统地体现了赵老的学术经验。其拟定的具有创新性的多种剂型的经验方药,不但临床效果良好,而且多数现已成为首都医科大学附属北京中医医院定型的医院制剂。赵老从常见病到危重病证均有系统的经验和发挥,以及其首创的三种独特疗法,基本构成了他的独特的学术流派和广博的学术内涵。"""
Conference Proceedings,高益民,2009,赵炳南独特学术流派的初步研究——从编写《赵炳南临床经验集》的体会谈起,,"""<正>赵炳南(1899—1984)是现代中医皮外科奠基人与开拓者,他在长期的实践中形成了自己独特的学术流派。在继承的基础上勇于创新,对中医皮外科的理论和临床学作出了巨大的贡献。在1974年前后,北京中医医院领导指示我对赵老的学术经验进行系统的整理与研究,作为院内""""对继承整理老中医经验的尝试""""。当时赵老虽已75岁高龄,但他积极主动认真讲诉他的经验,除了收集院"""
Journal Article,张苍; 李伯华; 陈维文; 王萍; 周冬梅,2019,赵炳南对中医皮肤科的贡献,赵炳南;贡献;皮肤科;气血津液;湿邪;血燥;湿痹;中西医结合,"""赵炳南先生是中国中医皮肤科的奠基人,他对中医皮肤学科的创建做出了卓越贡献。他明确了中医皮肤学科在中医体系中的定位,探索了中医皮肤科疾病分类体系,明确了湿邪在皮肤病病机中的核心地位,建立了基于气血津液辨证的皮损辨证体系,建立了完备的中医皮肤病药物治疗体系,明确了血燥、顽湿、湿痹、湿滞等中医皮肤学科关键性概念的内涵,培养了大批优秀的中医皮肤科人才,率先走出了皮肤科中西医结合的第一步。"""
Journal Article,曹为; 曲剑华,2019,赵炳南黑布药膏特色治疗瘢痕疙瘩经验,赵炳南;特色疗法;黑布药膏;瘢痕疙瘩,"""赵炳南先生在中医皮外科领域具有举足轻重的地位,为我国中医皮肤科的发展贡献了毕生心血,对于瘢痕疙瘩的中医病名认识方面,赵老认为依据形态,命名瘢痕疙瘩为""""锯痕症""""更为直观形象,认为其病因病机主要为气机失调,气滞血凝;赵老对于黑布药膏的组方用药十分精准周到,既选药力专,又兼顾药物外用剂型所需;强调黑布药膏在使用中的正确方法及注意事项也十分重要。黑布药膏治疗瘢痕疙瘩的现代基础研究为其临床疗效提供了实验学证据。"""
Journal Article,姜希; 曾倩玉; 江雅楠; 杨岚,2020,赵炳南红纱条联合中药内服治疗坏疽性脓皮病经验,赵炳南;坏疽性脓皮病;淘砌疗法;化腐生肌法;红纱条;经验,"""赵炳南教授是中国近现代著名中医皮外科专家,其对慢性复发性溃疡性皮肤病有独特的学术见解,坏疽性脓皮病则是一种代表性的慢性复发性溃疡性皮肤病。本病发病初期以湿热毒瘀为主,后期以气虚血瘀为主。赵炳南教授首创""""淘砌""""疗法,重视化腐生肌法的外治原则。文章以赵炳南经验中药内服,联合首都医科大学附属北京中医医院传统院内制剂红纱条为主治疗坏疽性脓皮病3则,在临床应用中取得良好的疗效,为坏疽性脓皮病的中医综合治疗提供了更多的思路和方法。"""
Journal Article,刘婷; 孙丽蕴; 刘昱旻; 罗冰; 曲剑华; 朱慧婷,2021,赵炳南教授健脾润肤汤治疗特应性皮炎脾虚血燥证临床疗效观察,健脾润肤汤;脾虚血燥证;特应性皮炎;皮肤屏障功能,"""目的观察健脾润肤汤对特应性皮炎脾虚血燥证患者临床疗效,以总结健脾润肤汤临床应用优势。方法选取2013年3月至2018年7月就诊于首都医科大学附属北京中医医院皮肤科门诊的特应性皮炎患者88例,按照随机数字表法分为观察组60例与对照组28例。观察组给予口服健脾润肤汤治疗;对照组予口服湿毒清治疗。两组均外用润肤剂,疗程4周。从SCORAD评分、皮肤含水量、表皮pH、皮脂含量测定以评价治疗前后患者皮疹严重程度和皮肤屏障功能;采用中医症状评分评价中医全身症状改善情况。结果观察组总有效率为41.7%,对照组总有效率为32.1%,两组比较差异无显著性(P>0.05),且观察组治疗后中医证候积分较治疗前差异有显著性(P<0.05)。两组患者治疗后皮损评分较治疗前均有降低,差异有显著性(P<0.05);观察组治疗后皮脂含量、表皮pH值及瘙痒程度均低于对照组,差异有显著性(P<0.05)。两组均未出现严重不良反应。结论健脾润肤汤治疗特应性皮炎脾虚血燥证安全有效,可改善中医全身症状及皮疹严重程度,修复皮肤屏障功能。"""
Thesis,刘婷,2020,赵炳南教授健脾润肤汤治疗特应性皮炎脾虚血燥证临床研究,健脾润肤汤;脾虚血燥证;皮肤屏障;特应性皮炎,"""特应性皮炎是一种有遗传倾向的慢性、瘙痒性、复发性、炎症性皮肤顽疾,本疾病的主要临床表现为皮肤干燥、瘙痒和脱屑、慢性湿疹样皮炎等,常易并发其他过敏性疾病或表现,如过敏性鼻炎、过敏性胃肠炎、哮喘,或表现为对多种食物及接触物过敏等。随着对本病研究的深入,研究结果显示在我国特应性皮炎的发病率逐年上升。本疾病的发病较为复杂,目前并未研究明确,学术界普遍认为与遗传因素、免疫因素、环境因素、感染因素及饮食等多因素作用于遗传易感性个体,造成免疫系统功能失调有关。辨证论治,对患者疾病情况的临床治疗随证化裁是中医治疗的特色,中医药理论及治疗在特应性皮炎的诊治及调护方面有着明显的优势。在本临床观察研究中,探究北京中医医院中医皮外科创始人赵炳南老先生治疗特应性皮炎的经验,结合特应性皮炎的发病特点和既往本科室诊疗特应性皮炎的治疗经验,以及现代医家的文献资料,将健脾润肤汤作为本研究的治疗方剂,系统的观察并客观评价特应性皮炎脾虚血燥证的临床疗效。研究目的:通过观察特应性皮炎脾虚血燥证患者治疗前后全身症状、SCORAD评分、细胞因子水平、皮肤屏障指标、炎症指标、自觉症状VAS评分、安全性评价等指标,分析总结健脾润肤汤治疗特应性皮炎脾虚血燥证的疗效,以客观评价健脾润肤汤在临床治疗特应性皮炎脾虚血燥证的疗效及优势。研究方法:采用自身前后对照的方法,观察并分析健脾润肤汤治疗特应性皮炎脾虚血燥证患者的临床疗效。本研究共纳入研究样本32例,予口服健脾润肤汤每日2次、每次200ml,共4周。(根据儿童患者的实际情况可予每剂浓煎200ml,分早晚2次服用)。健脾润肤汤以中药煎煮机统一制成煎剂,制剂来源为北京中医医院制剂室。对比分析治疗前后中医症状体征、皮损严重程度、皮肤屏障功能、细胞因子水平、炎症指标的改善情况,及本研究的安全性评价。研究结果:本研究共纳入研究样本32例,因样本脱落实际完成研究共31例患者。其中男性患者19例,女性患者12例。通过对比本研究中治疗前后患者的全身症状体征评分、SCORAD评分、细胞因子水平、皮肤屏障指标、炎症因子水平、自觉症状VAS评分、观察者及患者对疾病情况的总评等指标,发现治疗前后,患者的全身症状体征评分、SCORAD评分、细胞因子水平、皮肤屏障指标、瘙痒VAS评分、观察者及患者对疾病情况的总评均有明显改善(p<0.05)。入组病例均未出现严重不良反应。结论:特应性皮炎脾虚血燥证患者口服健脾润肤汤治疗安全有效,可改善全身症状体征及皮疹严重程度,并修复皮肤屏障。同时在扩大研究样本量的基础上,做进一步的疗效研究和观察,并进行动物及细胞层面的研究,为健脾润肤汤临床应用的推广提供基础实验支持。"""
Conference Proceedings,邓丙戌; 王萍; 孙丽蕴; 金力; 何薇; 娄卫海; 周垒; 周冬梅; 蔡念宁; 陈凯; 陶毅; 王禾; 曾祖平; 李伟凡; 姜春燕,2009,赵炳南教授凉血活血法治疗银屑病(白疕)血热证的临床与基础研究,,"""<正>北京中医医院皮肤科于1956年由我国著名皮外科专家赵炳南先生创建,是国家中医药管理局确定的全国中医皮肤病重点学科建设单位和全国中医皮肤病重点专科建设单位;年门诊量近18万人次,其中约12.8%为银屑病患者。凉血活血方是赵炳南先生根据中医理论对银屑病进行辨证分型,结合临床经验所拟定的治疗银屑病血热证的有效经验方剂,经过40多年临床验证疗效可靠且不良反应少。我科对"""
Journal Article,杨旭杰; 裴晓华; 王春晖; 沈慧,2017,赵炳南教授论治正虚邪盛皮肤病用药规律探析,赵炳南;用药规律;皮肤病;正虚邪盛;聚类分析,"""目的探求赵炳南教授论治正虚邪盛型皮肤病用药规律。方法收集赵炳南论治皮肤病的临床医案,筛选正虚邪盛型皮肤病处方353首,运用层次、迭代两种聚类分析方法挖掘复方药物特点,进而探讨其组方遣药规律。结果 353首复方涉及94种中药,聚为2类,第一类11种药物的用量、使用频次、君药比重占据明显优势。结论名医经验挖掘获得的高频中药总共11味,但是功效范围却涵盖了补气健脾、养血滋阴、升阳托毒、清热凉血、利水渗湿、排脓生肌、疏肝活血等诸多领域,足见其整体调治路线以及辨治的时序性、层次性及因果关系,名老中医经验挖掘对于充实皮肤领域学术内涵意义重大。"""
Journal Article,耿学英; 宋乃光; 赵岩松; 蔡念宁,2008,赵炳南教授学术思想研究概况,赵炳南;学术思想;综述,
Conference Proceedings,邓丙戌; 王萍; 金力; 孙丽蕴,2009,赵炳南教授银屑病辨证体系的客观微观指标研究,,"""目的:检测银屑病患者血清VEGF,皮损VEGF、CD34,血浆血栓素B2、6-酮-前列腺素F1α水平,及甲皱微循环状态,以探讨银屑病辨证的客观微观指标。方法:对血热证、血燥证、血淤证银屑病患者,以免疫组化染色法及双抗体夹心ELASA方法检测皮损及血清的VEGF、CD34水平,以放射免疫法检测血浆TXB2、6-K-PGF1α水平,以WX-Ⅱ型多功能微循环显微仪观察甲皱微循环状态。结果:血清和皮损VEGF、CD34、血浆血栓素B2、6-酮-前列腺素F1α水平,及甲皱微循环状态在不同证型之间存在差异。结论:本研究阐明了银屑病的中医辨证分型与炎症介质、微循环异常、血管新生及血管新生相关因子的相关性,从而为银屑病的中医辨证分型提供了客观依据,也为银屑病辨证论治提供了可靠的理论依据。"""
Journal Article,张董晓; 付娜; 东浩; 黄巧; 赵文洁; 孙宇建; 吕培文,2020,赵炳南教授治疗乳痈思路浅析,乳痈;乳腺脓肿;赵炳南;病案,"""通过回顾学习赵炳南先生""""急性乳腺脓肿合并中毒性休克""""病案,了解赵教授乳痈治疗中的整体观念、辨证论治的思想,及其精妙用药、重视脾胃的观点。探讨赵教授治疗乳痈危重急症的思路,学习挖掘名老专家经验,提高临床能力。"""
Journal Article,徐宜厚,2019,赵炳南解毒系列方诠释,毒的含义;解毒方;赵炳南,"""赵炳南教授是中医皮肤科泰斗,重视解毒在疮疡治疗中的重要地位,我在研学恩师赵炳南先生临床经验与遣方用药中发现,《赵炳南临床经验集》记载的51个病种、137例病案中,涉及毒染验案42例,对毒各个阶段的治疗均有涉及,列举21方,可谓是点睛的真知灼见。"""
Journal Article,杨岚; 姜春燕; 朱慧婷; 曲剑华; 徐景娜,2023,赵炳南解毒养阴汤临床应用解析,解毒养阴汤;赵炳南;皮肤病;重症,"""解毒养阴汤是赵炳南教授治疗重症皮肤病后期气阴两虚、毒热未尽阶段的常用方剂之一,具有益气养阴、清热解毒的功效;该方由西洋参、南沙参、北沙参、石斛、玄参、佛手参、生黄芪、生地黄、丹参、金银花、蒲公英、天冬、麦冬、玉竹组成,适合重症皮肤病后期正气已伤而毒热未尽的阶段,可取得很好的临床效果。"""
Conference Proceedings,王倩,2009,赵炳南经验方的临床应用,,"""<正>赵炳南教授是我国中医皮外科学界的泰斗,是中医皮肤科的奠基人和开拓者。从医60余年来,赵老在中医皮肤科临床领域内广泛实践和悉心研究,为促进中医皮肤科事业的发展做出了巨大贡献。1973年,他率先在北京中医医院建成独立的中医皮肤科,此后中医皮肤科事业获得了长足的进步。成立几十年来,北京中医医院皮肤科在充分继承赵老临床经验的基础上,在临床实践中不断探索创新,将赵老的经验不断传承、发扬。"""
Conference Proceedings,李凯,2014,赵炳南经验方与经方合用心得体会,,"""本文介绍了作者运用赵老经验方与经方合用后的心得体会。经方治疗皮肤病特点,笔者认为经方内直接涉及皮肤病症状的条文不多,——""""欲取经方治皮病,《伤寒》仲景未言明""""。(欧阳卫权)涉及整体症状较多——十问歌采集信息整体辨证,不局限于皮损辨证。不治皮疹皮疹自平经方治疗皮肤病局限性着重整体,部分皮肤病缺乏针对性;缺乏局部辨证;缺乏专病专症用药。"""
Journal Article,杜娟,2015,赵炳南经验方治疗结节性红斑63例,赵炳南;结节性红斑;经验方,"""目的探讨应用赵炳南经验方治疗结节性红斑的临床疗效。方法符合结节性红斑诊断患者63例,中医辨证为湿热下注型、痰瘀互结型,全部内服赵炳南经验方加减治疗,判定治疗效果。结果观察63例中,临床治愈48例(76.2%),显效11例(17.5%),好转4例(6.3%),无效0例。总有效率为93.7%。均未发现明显的不良反应。结论赵炳南经验方辨证加减是治疗结节性红斑的有效方法。"""
Journal Article,杨岚; 李伯华; 周冬梅,2019,赵炳南荆防方在辨证治疗风热型荨麻疹中的应用,赵炳南;荆防方;荨麻疹;风热证;辨证治疗,"""通过分析《赵炳南临床经验集》中荆防方的具体应用,传承名老中医的临床经验。荆防方具有疏风解表、清热止痒的作用,对于风热型荨麻疹有较好的临床疗效。深入了解荆防方组方的涵义、临床适应证并加以灵活运用,可以更好地发挥传统方剂的特色,为患者解决病痛。"""
Journal Article,何治宏; 杨顶权; 张虹亚; 张慧丽; 张丰川,,赵炳南荆防方治疗风热血热型瘙痒性皮肤病探析,赵炳南;荆防方;瘙痒性皮肤病;风热血热,荆防方是由赵炳南先生所创，常用于治疗风热型荨麻疹。瘙痒性皮肤病的病因主要有风、湿、热、虫、瘀等，风盛则痒，血热化燥，燥则生风，形成风热血热交互的证候，引起皮肤瘙痒。多种瘙痒性皮肤病存在风热血热的共同病机，荆防方具有祛风清热、凉血止痒之功，加减荆防方也可用于治疗其他风热血热型瘙痒性皮肤病。
Journal Article,,1975,赵炳南老中医经验介绍——颈痈合并败血症一例的辨证与治疗,,"""<正> 王××,男,53岁,住院号411123。主诉:颈部肿痛已7天。现病史:1周来颈后肿疼。患者因患湿疹于1964年4月8日入院。在治疗期间全身不断出现潮红粟状丘疹、水疱及出血性皮疹、脓疱。半月后发现颈后偏左方出现指头大小痛性肿块。翌晨,肿块散漫达6×5厘米,表面紫暗,麻木疼痛。内服中药及氯霉素。后肿块日"""
Journal Article,,1974,赵炳南老中医医案,,"""<正> 皮肤瘙痒症(一例) 王×,男,58岁,简易病历。初诊日期:1971年9月2日。主诉:全身皮肤瘙痒1年余。现病史:1年来全身皮肤瘙痒,搔后皮肤发红,不起风团,影响入睡,痒甚时用玉米棒搔抓也不解痒。曾用过镇静药及脱敏药,未效。"""
Journal Article,张小燕; 赵子赫; 杨磊; 曲剑华,2022,赵炳南凉血五花汤辨治红斑类皮肤病概述,凉血五花汤;赵炳南;红斑类皮肤病;概述,"""红斑类皮肤病多与风邪、热邪相关，病位多在气分、血分，赵炳南拟定凉血五花汤用于临床治疗。凉血五花汤首见于《赵炳南临床经验集》,兼具凉血活血，清热解毒之效，可用于一切红斑性皮肤病初期的治疗，偏于上半身或全身散在者尤佳。经检索文献及数据库发现近些年其应用范围逐渐扩大，临床疗效显著，但缺乏系统的整理。文章总结其治疗红斑类皮肤病方法，以分析凉血五花汤应用现状，为进一步指导临床应用提供依据。"""
Conference Proceedings,叶姝; 陈可平,2009,赵炳南临床经验的传承与发扬之白癜风篇,,"""<正>1怀念赵老赵炳南,中医皮外科专家。在60余年的临床实践中,形成了自己皮外科治疗的独特风格,为中医学发扬光大作出了贡献。赵老出生贫寒,自幼身体羸弱,恶疾缠身,特殊的人生经历使他深深懂得生命的珍贵,立志做一名为他人解除病痛的医生。13岁从师于名医丁德恩,其刻苦努力、孜孜不倦的精神深深打动了丁老,尽得其传。1920年,赵炳南自设医馆开始行医,悬壶于北京西交民巷,在战乱中救死扶伤无数。他对病人有"""
Journal Article,,2013,赵炳南临证验案选登,,"""<正>赵炳南(1899～1984),著名中医皮外科专家。从医60余载,临床经验丰富。通过长期临床实践,形成了自己独特的皮外科治疗风格。《赵炳南临床经验集》是赵老先生长期从事中医皮科、外科临床经验总结。全书选录51个病种,137例验案,着重介绍常见病多发病的治法,对于某些疑难"""
Journal Article,杨旭杰; 裴晓华; 董尚朴,2018,赵炳南论治湿热毒蕴型皮肤病组方高频中药之文献诠释,文献诠释;皮肤病;湿热毒蕴;高频中药,"""本研究以数据挖掘所获得的赵炳南论治湿热毒蕴皮肤病之高频中药为基础,采用人工翻阅与网络检索相结合,纸质资料与电子文本相匹配的方法,筛选与高频中药相关的资料展开理论研究与文献评述。研究结果显示高频中药均获得了古今文献的支持。在高频中药之中,蒲公英、金银花、薏苡仁、车前子、白鲜皮、龙胆草、生地黄、生甘草的用量、频次与比重均遥遥领先,体现出湿热毒蕴皮肤病三清三利、清解为主、补益为辅的论治法则,这8味中药清除湿热毒邪、扶助正气之功效早在几千年前中医学论著中已有述及,且得到现代药理、药化等研究的进一步证实,因而可以作为湿热毒蕴皮肤病临床遣方及新药设计的基础中药组方。"""
Conference Proceedings,宋乃光,2009,赵炳南皮肤科学术渊源研究,,"""<正>赵炳南,著名中医学家,现代中医皮外科学的奠基者和开拓者。13岁跟师学习,熟读《医宗金鉴·外科心法要诀》《外科准绳》《疡医大全》《外科启玄》《本草纲目》《濒湖脉学》等医学著作,有的还能背诵。读书同时,还苦炼制作丸、散、膏、丹的技能,奠定了皮外科的基本功。21岁(1920年)悬壶于北京西交民巷,以自己的智慧和才华服务于民众,更以仁慈之心,为贫病交加的劳苦大众解除疾苦,救治"""
Journal Article,宋乃光,2009,赵炳南皮肤科学术渊源研究,赵炳南;皮肤科;学术渊源;明清皮外科;温病学,"""赵炳南是现代中医皮外科学的奠基者和开拓者,对中医皮肤科理论和临床作出了创造性的贡献。博大精深的中医学术体系,是赵炳南皮肤科学的知识源泉和发展的巨大推动力。在中医学基础理论的指导下,赵老对带状疱疹、丹毒、荨麻疹、系统性红斑狼疮等数十种皮肤病的古今病名、证候特点、治疗用药等进行了深入研究,澄清和最终确定了一些皮肤病的病名,规范了皮肤病证候,在中医皮肤科学界产生了很大影响,有一定的权威性。赵炳南皮肤科还广泛吸纳明清皮外科学和温病学成就,将《外科正宗》、《医宗金鉴·外科心法要诀》、《疡科心得集》等著名皮外科著作中有关阴阳辨证、走黄及许多皮外科疾病的诊疗方法用于皮肤科临床,推动了现代中医皮肤科学的发展。赵老并将温病学卫气营血辨证理论、三焦湿热证按湿与热的多少分类而治的方法率先用于皮肤科中,是温病学说成功用于皮肤病的典范。"""
Conference Proceedings,周冬梅,2018,赵炳南气血津液辨证体系在皮肤科的应用,,"""<正>辨证论治是中医在临床诊治中是最基本的过程。辨证的思路和方法有诸多类别,不同的方法适用于不同的疾病种类。在中医外科体系中,最常用的是气血辨证。气血辨证适用于肉眼可见、有形可征的局部病变。皮肤病也属于外科体系当中,但是也有其自身的特点。赵炳南老大夫出身外科,专攻皮肤病,在气血辨证的基础上,更关注津液的变化,应用气血津液辨证体系是其对于皮肤科理论发展及完善的重要贡献。赵老"""
Conference Proceedings,李伯华; 曲剑华; 张广中; 张苍,2014,赵炳南清热除湿、凉血解毒法治疗(足)癣菌疹的体会,癣菌疹;赵炳南;清热除湿;凉血解毒,"""癣菌疹以""""四发""""——发水(渗出多)、发红(感染)、发肿(水肿)、发疹(变态反应导致的皮疹)为临床表现,运用赵炳南教授清热除湿、凉血解毒法,运用其系列方药治疗(足)癣菌疹,疗效满意。首先采用综合方法控制渗出,包括口服清热除湿类中药,外用苍肤洗剂、祛毒汤泡洗,甘草油调敷祛湿散,疱病清疮等;其次运用凉血解毒中药消除红斑;运用健脾利湿方药消除水肿;口服清热除湿汤控制过敏等。最后还要注意预防复发。"""
Journal Article,王思艺; 李冠汝; 孙丽蕴,2019,赵炳南清热除湿汤的证治研究进展,清热除湿汤;证治研究;湿热性皮肤病;文献综述,"""<正>清热除湿汤是现代中医皮外科创始人赵炳南先生根据龙胆泻肝汤化裁而来的临床经验方,在临床诊疗中常应用于急性湿热性皮肤病和湿热蕴结型皮肤病的热重于湿证,对于急性湿疹、皮炎、痤疮、带状疱疹等多种皮肤病的治疗具有较好疗效。许多学者通过临床疗效观察,对其药理、药性、组方思路进行阐释,并附临床典型病例显示其临床有效性。笔者对清热除湿汤的证治研究综述如下。1 湿热性皮肤病临床治疗思路湿热之邪是最为多见的皮肤疾病致病因素,其原因在于皮肤的生理特点"""
Journal Article,张坤,2008,赵炳南外科临证经验拾萃,皮科外科;赵炳南;临床经验,"""从凉血解毒惯用生地炭、银花炭;善用鲜荷叶捣汁调散剂外敷治疮疖;小便不利下肢浮肿用茵陈;脱朽骨加服象牙面;治疗疮疡重视脾胃;脓疡喜用生山甲、生皂刺,溃疡用山甲炭、皂刺炭;湿疹糜烂渗出严重者用马齿苋、紫花地丁水煎湿敷;对湿邪辨证另解、治斑秃用天麻;疮痈久不敛合者以赤石脂研末外用等,论述当代名医赵炳南外科临证经验。"""
Journal Article,周涛; 邓丙戌; 周冬梅; 王倩; 张苍,2019,赵炳南外洗方苍肤洗剂治疗湿滞临证发挥,苍肤洗剂;赵炳南;外洗方;湿滞;临证发挥,"""赵炳南先生经验外洗方苍肤洗剂源自止痒杀虫汤、蛇床子汤、苦参汤等,为赵老外用代表性方剂,具有燥湿润肤、杀虫止痒功效。临床适用于慢性湿疹、手足癣、掌跖角化以及其他肥厚性、角化性皮肤病等一系列因湿邪留滞经络,气机升降失常,导致的顽固性皮肤病,即""""湿滞""""性皮肤病。化裁应用灵活,配伍黄柏、土大黄、芒硝加强燥湿止痒之力,配伍当归、首乌藤、桃仁等能养血润肤,配伍黄柏、花椒、白蒺藜等可燥湿祛风止痒,配伍板蓝根、蒲公英等能清热解毒,本文特举典型病案予以说明。"""
Journal Article,刘华为李晓玲张金友,1991,赵炳南外用药剂型初探,,"""<正> 已故名老中医赵炳南,从事中医皮肤、外科临床工作数十年,医术精湛,誉满杏林,尤在外用药剂方面更是独树一帜。笔者就赵氏外用药剂型进行初探,以观其外用剂型之经验。1.熏药剂赵氏常用苍术、黄柏、苦参、防风各9克,大枫子、白藓皮各30克,松香、鹤虱草各12克,五倍子15克,共碾粗末,用厚草纸卷成纸卷,燃烟熏皮损处,每日1～2次,每次15～30min。治疗神经性皮炎(癣症)、"""
Journal Article,苏婕; 郑立红; 徐佳; 周冬梅,2019,赵炳南外治方药应用特点分析,赵炳南;外治方药;数据分析,"""目的基于中医传承辅助系统软件,总结赵炳南教授外治方药的临床用药特点。方法选取《赵炳南临床经验集》收录的137个病案的148张外治处方,输入系统,采用关联规则阿Apriori算法、复杂系统熵聚类等无监督数据挖掘方法,分析赵炳南教授治疗皮外科疾病外治方药运用特点。结果赵教授应用外治方药治疗皮外科疾患的用药以清热解毒、活血散结为主。结论处方整体与湿毒蕴结辨证较为契合,体现了赵教授独特的辨治体系和用药特色,为进一步研究和挖掘提供了参考。"""
Journal Article,杨皓然; 周冬梅,2023,赵炳南外治湿疹常用水剂之探源求实及发挥,湿疹;水剂;赵炳南;外治法;中医皮外科,名老中医赵炳南为中医皮外科先驱，建立了以气血津液辨证为基础的皮损辨证体系，重视外治法，形成了众多药物外治经验方。赵炳南认为湿疹的病机为“本在湿，标在热”，“湿为发病核心”，运用药物外治法时以清热燥湿为基本原则，其中外用水剂为一特色治法。赵炳南外治湿疹常用的水剂包括苍肤水剂、马齿苋水剂、龙胆草水剂，用法包括湿敷、浸泡等，具有使用简便、疗效显著等优点，为其特色外治法的代表。
Journal Article,杨岚; 曲剑华,2016,赵炳南外治洗方的临证辨析应用,赵炳南;洗方;外治法;临证辨析,"""挖掘赵炳南学术思想,分析《赵炳南临床经验集》中赵老临床常用外治洗方的药物组成、功用主治、配伍应用、药理研究结果以及典型病案,指出赵老经验外治洗方原方或部分加减后的方剂目前广泛应用于治疗多种皮肤疾病且疗效确切。"""
Journal Article,方大定,2019,赵炳南顽湿学说的探讨与思考,赵炳南;顽湿学说;顽湿疡;顽湿;全虫方,"""赵炳南老师将湿疡分为湿热性和湿气性两类,其中少数患者在随后病情进展中不断顽固化,转化为顽湿疡,顽湿形成伴随湿热状态而改变,余热余湿已不能激化暴发,转为躁动窜动状态,使患者整日不得安宁。顽湿流窜入络增加隐蔽性、深在性。顽湿既病在皮,亦病在络,影响络中气血津液相互转换,出现肌肤失养性皮损,肌肤生态环境受损,病变深入。顽湿难治,应已病防变,湿疹防顽。全虫方治顽湿疡,方中皂刺、猪牙皂角涤除络中痰湿,全虫搜剔络中湿毒。有效者确可见皮损化整为零,移深就浅,由深痒变浅痒的良好改变,但赵老认为,本方有效却还不普遍满意,希望新生一代在攻克皮肤病顽证方面更上一层楼。"""
Journal Article,庞广赫,2016,赵炳南先生的黑豆妙用,,"""<正>赵炳南先生(1899~1984年)是现代中医皮外科的奠基人与开拓者,他在长期的实践中形成了自己独特的学术流派,对中医皮外科的理论和临床做出了巨大贡献。先生年轻时在医馆学徒之余,常到医馆附近的茶馆听评书,常言道""""日出千言,不损自伤"""",但说书老者口若悬河,声音朗朗,须发乌黑,精神矍铄。这引起了赵老的注意,"""
Journal Article,邓丙戌,2004,赵炳南先生的治学思想探讨,治学思想;态度与方向;继承与发展;博学与精专;老中医经验,"""赵炳南先生将自己的治学思想概括为 :“学习贵在专 ,师古更创新 ;宁可会不用 ,不可用不会”。他在治学的“态度与方向”、“继承与发展”、“博学与精专”等几个方面作了全面而深刻的总结 ,并身体力行 ,为我们树立了很好的榜样。学习赵老的治学思想会对进一步促进中医药学的开拓创新起到重要作用。"""
Journal Article,李维义,2007,赵炳南先生治疗带状疱疹经验介绍,带状疱疹;《医宗金鉴》;大黄;龙胆草,
Journal Article,徐江雁; 韦大文,2008,赵炳南先生治疗皮肤病的学术特点,皮肤病;赵炳南;调和阴阳,"""赵炳南先生是中医界治疗皮肤病的大家,赵老治疗皮肤病,善于调和阴阳,使用的基本方药是""""四藤"""",即天仙藤、鸡血藤、首乌藤和钩藤。他除了运用活血化瘀法外,还兼顾心肝火盛、脾湿内阻,自创清肝利胆、清心泻火、疏风除湿之法,创建""""三心方""""(莲子心、连翘心、生栀子)。临床治疗急性湿疹、急性皮炎、带状疱疹、过敏性皮炎、药疹等急性炎症皮肤病(热盛型),每取良效。赵老晚年治疗皮肤病的经验炉火纯青,整体治疗观在临床治疗中更加突现。"""
Journal Article,赵恩道,2009,赵炳南学术经验浅谈,名医;赵炳南;皮科;经验,"""赵炳南,现代中医皮外科学奠基人。在他一生的医疗实践中,遵循""""正气存内,邪不可干""""的古训,始终不忘突出整体观念及辨证论治,强调脏腑功能失调是疾病发生的内因,认为""""皮肤病虽形于外,而发于内""""。赵炳南在皮肤病的治疗中,最重视肝胆与心的辨证,最喜爱的方剂是龙胆泻肝汤,认为将自创的验方""""三心汤""""与龙胆泻肝汤并方使用,治疗肝心火盛者,每每收到佳效。在祛湿邪方面,他使用除湿胃苓汤、健脾除湿汤、除湿健脾汤、养血润肤饮治疗,疗效满意。在调和阴阳方面,他常使用天仙藤、鸡血藤、首乌藤、钩藤,认为""""四藤""""可起到调节阴阳的作用。"""
Journal Article,方大定,2009,赵炳南学术思想特色与风范,京城名医;赵炳南;中医皮外科;风湿疡;学术思想,"""<正>在纪念赵炳南老师诞辰110周年的日子里,回忆过去随赵老师学习的岁月,一直难以忘怀。赵老作为一代名医,不仅其学术思想应载入中医史册,其为人与风范也应长留于人们的心中。1赵炳南学术思想特色"""
Journal Article,张董晓; 孙宇建; 黄巧; 赵文洁; 付娜; 东浩; 吕培文,2020,赵炳南学术思想治疗乳腺疾病拾萃,赵炳南;乳腺疾病;中医外科;治疗经验,"""乳腺疾病常见的三大类疾患分别为乳腺炎症性疾患、增生性疾患、肿瘤性疾患,赵炳南老先生针对炎症性疾患,重视阴阳辨证,清热解毒法是基本法则,注重与凉血活血法配伍以增效;而针对乳腺增生和肿瘤性疾患,赵老多使用活血逐瘀药物,同时辅以温阳化痰软坚等药综合调治。内服药中赵老擅用对药和引经药;外用则剂型丰富,如芙蓉膏单独厚敷,而甘乳膏、京红粉软膏则薄涂于纱条上用药。赵老外治技法独具一格,药捻疗法用于窦道直达病所;引血疗法用于阴证、虚证、寒证,开刺络放血用于阴证、虚证先河。除整体观念、辨证论治、顾护脾胃外,""""淘砌""""理论用于疮面愈合、稳托疗法用于外科疑难杂症,均为赵老独创的学术理论。总结赵老学术思想在乳腺疾病的应用,以提升临床水平。"""
Journal Article,曲剑华; 陈彤云,2019,赵炳南学术特色与用药特点分析,赵炳南;用药;特色,"""赵炳南教授创立了中医皮肤科疾病气血津液辨证论治体系,并创造性地提出了""""湿滞""""""""顽湿""""""""血燥""""学说及""""气血和皮筋骨""""说还,提出了""""散者一尺,聚者一寸""""的""""散聚""""说与激惹疗法,治疗瘘管以""""托补内治,化腐外治""""提出""""淘砌""""说;研发了薰药、拔膏、黑布药膏等独特疗法;创制出115首疗效显著的经验方。"""
Conference Proceedings,王斌,2009,赵炳南验方止痒合剂联合卡介菌多糖核酸治疗慢性荨麻疹,,"""<正>荨麻疹是由于皮肤黏膜小血管扩张及通透性增加而出现的一种局限性水肿反应,以具有剧痒的一过性局限性水肿样风团为临床特征。本病相当于中医的""""瘾疹""""、""""风疹块"""",是皮肤科常见病、多发病,病因复杂多缠绵难愈且反复发作。笔者自2005年6月-2008年6月运用中药止痒合剂(北京中医医院验方)辨证加减,联合卡介菌多糖核酸注射液(浙江万马制药)治疗慢性荨麻疹86例,疗效确切,结果报告如下:"""
Journal Article,郎继孝李松林唐由君,1997,赵炳南益气养阴法治疗败血症探究,,赵炳南益气养阴法治疗败血症探究郎继孝＊李松林＊＊指导唐由君山东中医药大学（济南２５００１４）已故外科名中医赵炳南在败血症的中药治疗上有独到见解，他提出的益气养阴法至今对我们治疗该病仍有指导意义，今阐其要义如下。１气阴双亏为本毒气流窜为标乃古今共识败血...
Journal Article,张董晓; 高畅; 东浩; 黄巧; 赵文洁; 孙宇建; 张爱琴; 付娜,2021,赵炳南引血疗法治疗阴证疮疡思路探讨,赵炳南;阴证疮疡;刺络放血;引血疗法,"""引血疗法是赵炳南先生独树一帜的外治疗法,赵老将引血疗法引入外科阴证性疾患的治疗,开创该类疾病引血治疗之先河。阴证疮疡的病机在于虚、瘀并存,由瘀致虚,或由虚致瘀,虚瘀致寒,寒重瘀重虚重。赵老早年将引血疗法用于外科时毒壅盛的实证,但后期独辟蹊径,大胆使用引血疗法治疗阴证疮疡,充分体现其""""呼脓去腐""""""""煨脓长肉""""""""回阳化腐生肌""""""""祛瘀生新""""学术思想,后世在引血治疗阴证思想指导下将此疗法用于各类外科疾病的临床实践。引血疗法治疗阴证疮疡的中医机制在于变瘀为通、变静为动、祛瘀通络、温阳生新,从而瘀去新生、阳气得复,达到治愈疾病的目的。而西医机制在于改善微循环及局部缺血缺氧状态,促进组织细胞恢复,增强细胞免疫功能。"""
Journal Article,李敏; 蔡念宁; 张广中; 张苍,2012,赵炳南用清热除湿汤治疗急性湿热性皮肤病探析,名医经验;赵炳南;清热除湿汤;急性湿热性皮肤病,"""<正>已故名老中医赵炳南先生是我国中医皮外科泰斗,是现代中医皮肤科的奠基人和开拓者。他在广泛汲取前人经验的基础上,结合自己的临证实践,在诊治皮外科疾病的理法方药中有许多创新,其中清热除湿汤就是赵老治疗急性湿热性皮肤病的基本经验方。现将赵老的相关经验介绍如下。"""
Conference Proceedings,蔡念宁; 李敏; 张广中,2010,赵炳南用清热除湿汤治疗急性湿疹(湿热证热重于湿型)的临床经验探析,,"""我国中医皮、外科界的泰斗赵炳南教授治疗急性湿疹有独到的经验,他往往将急性湿疹辨证为湿热证热重于湿型,创立了具有清热凉血利湿之功的清热除湿汤。我科于2006.9～2009.7月,采用随机、单盲、对照的方法用清热除湿汤治疗急性湿疹(中医辨证属湿热证热重于湿型),取得了满意的临床疗效。赵老对于急性湿疹的诊治,既重视内治,也重视外治。常采用中药湿敷、外涂,控制渗出,减轻瘙痒。"""
Journal Article,王玉芝赵富昌,1994,赵炳南用药经验撮要,疮疡;感染;化脓;用药经验,"""赵炳南是我国当代著名中医皮外科专家,在皮外科用药方面积累了丰富的经验。本文通过其清热解毒药、托脓透毒药、理气健脾药、对药、温药、引药等6个方面的应用特色,力图将其用药经验逐一介绍,为中医皮外科的临床用药提供资料。"""
Journal Article,叶姝; 陈可平,2009,赵炳南治疗白癜风临床经验,,"""<正>赵炳南,中医皮肤外科专家。在60余年的临床实践中,形成了自己皮外科治疗的独特风格,为中医学作出了贡献。赵老一生精研多种外科专著,但在医疗实践中从不拘泥古书,纵观赵老对皮肤病的治疗,不难发现,中医整体观这一指导思想贯"""
Journal Article,刘志勇; 马一兵; 王莒生; 张广中; 王萍,2017,赵炳南治疗带状疱疹经验,带状疱疹;赵炳南;临床经验,"""赵炳南老医生治疗带状疱疹采用中药内服,辨证论治,共为7型:肝胆湿热证、脾肺湿气型、血热挟风型、经络阻隔型、毒邪侵营型、气隔血瘀型和气虚伤阴型,自拟经验方,随症加减,疗效显著。"""
Journal Article,刘志勇; 王莒生; 张广中,2012,赵炳南治疗过敏性紫癜经验,名医经验;赵炳南;过敏性紫癜,"""<正>过敏性紫癜是一种超敏反应性毛细血管和细小血管炎,其特征为非血小板减少的皮肤紫癜。本病青少年多见,易反复发作。本院已故名老中医赵炳南治疗本病疗效显著,笔者现将赵老相关经验整理如下。1对病因病机的认识赵老认为,本病属""""葡萄疫""""、""""血风疮""""等范畴。多因血热壅盛,迫血妄行,血不循经,溢于脉络,凝滞成斑,复感风邪,"""
Journal Article,徐宜厚,1986,赵炳南治疗红斑狼疮的用药经验,,"""<正> 红斑狼疮可分为局限性盘状和系统性两型,前者以皮肤损害为主,通常毁坏面容;后者除皮肤病变外,尚可同时出现肾、心等脏腑损伤,甚则危及生命。赵老从上实下虚,上热下寒,水火不济,阴阳失调的复杂病象中,善于剖析阴阳消长,邪正增减,寒热变迁等种种关系,选用《证治准绳》之秦艽丸为基本方化裁,治疗红斑狼疮,常获良效,兹简介如下: 秦艽丸组成:黄芪30克秦艽15克黄连6克乌梢蛇6克漏芦10克。赵老认为:方中用药虽然只有5种,然其功用有"""
Journal Article,仇璐; 孙丽蕴,2021,赵炳南治疗结节性红斑用药特点,赵炳南;结节性红斑;用药特点,"""我国现代中医皮外科创始人赵炳南教授将结节性红斑辨证为湿热下注证、经络阻隔证、气血凝滞证。内服药物以木瓜、防己、厚朴、伸筋草清热祛湿解毒,舒筋通络;以牡丹皮、丹参、红花、三棱、莪术、鬼箭羽、鸡血藤行气活血,化瘀通络。特色外用药物以祛毒药粉清热解毒,除湿消肿;紫草洗方行气活血,化瘀消斑;紫草茸油活血散瘀,软坚;紫色消肿膏活血化瘀,软坚消肿,止痛。文章总结和分析赵教授治疗结节性红斑内服及外用药特点,以传承赵教授治疗本病的学术经验。"""
Conference Proceedings,曹洋; 张苍; 蔡念宁,2009,赵炳南治疗口腔扁平苔藓经验拾遗,,"""<正>口腔扁平苔藓是一种独特的口腔黏膜疾病,男女均可发病,女性稍多,发病年龄30～60岁多见。口腔内常见网状Wickham纹和糜烂、白色丘疹、萎缩性斑块,偶见大疱性损害。发病部位以颊粘膜最为常见,其次为舌、上牙龈和下唇。无糜烂时无自觉症状,有时进食有烧灼感和疼痛。中医无口腔扁平苔藓的病名,但根据其临床表现,当属中医学""""口疮""""、""""口糜""""、""""口蕈""""等病证范畴。中医辨证多以湿"""
Conference Proceedings,曹洋; 张苍; 蔡念宁,2012,赵炳南治疗口腔扁平苔藓经验探析,,"""<正>口腔扁平苔藓是一种口腔黏膜疾病,男女均可发病,女性稍多,发病年龄30～60岁多见。口腔内常见网状Wickham纹和糜烂、白色丘疹、萎缩性斑块,偶见大疱性损害。发病部位以颊黏膜最为常见,其次为舌、上牙龈和下唇。无糜烂时无自觉症状,有时进食有烧灼感和疼痛。中医无口腔扁平苔藓的病名,但根据其临床表现,当属中医学℃""""口疮""""、""""口糜""""、""""口蕈""""等病证范畴。中医辨证多以湿热、血瘀、郁火论其邪实,气血、肝肾不足评其正虚,治法大都以清热利湿、活血化瘀、滋阴降火、益气和血为主。今有幸观摩部分新发现的赵炳南20世纪70年代手写稿,感其遣方用药不拘于常,现将赵炳南先生治疗口腔扁平苔藓的用药特点拾于其下:"""
Journal Article,曹洋; 张苍; 蔡念宁,2010,赵炳南治疗口腔扁平苔藓经验探析,赵炳南;口腔扁平苔藓;调和阴阳,"""文章介绍了赵炳南先生从阴阳总纲出发,以藤类、花类及炭类药物为基础框架,再审证加减或清透、或补养之品,同时配合外用活血生肌固敛之味治疗口腔扁平苔藓的经验。"""
Journal Article,瞿先侯; 李路广; 舒友廉,2018,赵炳南治疗皮肤瘙痒症方药选择分析,赵炳南;皮肤瘙痒症;方药;药对;祛风,"""总结赵炳南对皮肤瘙痒症方药选择的经验。赵炳南治疗皮肤瘙痒症,对方药的选择强调遵循整体观念与辨证用药。在血虚风燥型与风湿蕴阻型瘙痒的辨证施治中,他主张祛风的同时兼用活血通络法,并将扶正与祛邪相结合。在病机变化复杂的皮肤瘙痒症中,临床常用对药,如三心方(莲子心、连翘心、生栀子)清泄心火,四藤汤(天仙藤、钩藤、首乌藤、鸡血藤)调和阴阳。"""
Journal Article,刘志勇; 王莒生; 张广中,2013,赵炳南治疗皮肤瘙痒症经验,名医经验;赵炳南;皮肤瘙痒症;中医疗法,"""<正>皮肤瘙痒症是一种自觉瘙痒而无原发损害的皮肤病,由于不断搔抓,常有抓痕、血痂、色素沉着及苔藓样变等继发损害。与中医古文献中记载的""""痒风""""相类似。《外科证治全书.痒风》记载:""""遍身瘙痒,并无疮疥,搔之不止。""""本院已故老中医赵炳南称之为""""隐疹"""",并将其分为冬季型、老年型、阴阳不调型和风湿蕴阻型4型治疗,效果显著。笔者有幸整理赵老治疗本病的录音及病案,现总结如下。"""
Conference Proceedings,刘志勇; 王莒生; 张广中,2012,赵炳南治疗皮肤瘙痒症经验,,"""赵炳南老医生治疗皮肤瘙痒症采用中药内服,辨证论治,共为四型:冬季型、老年型、阴阳不调型和风湿蕴阻型,自拟经验方,随症加减,疗效显著。"""
Thesis,杨皓然,2023,赵炳南治疗湿疹学术思想和临床经验的传承研究,临床经验;名老中医传承;湿疹;学术思想;赵炳南,"""目的:整理和总结赵炳南教授治疗湿疹的学术思想和临床经验,归纳梳理赵炳南思想经验的传承、发展情况,归纳其传承特点;探索质性研究在名老中医思想经验传承领域的运用及方法。方法:运用“赵炳南学术思想传承平台”、CNKI、万方、维普数据库等收集赵炳南教授、张志礼教授(赵老亲传弟子)、后学医者治疗湿疹的相关论著、会议讲稿等以及传承人总结赵老辨治湿疹经验的文献资料。提取其中治疗湿疹的具体论述,将各医者治疗湿疹的临床经验进行进一步系统化总结。运用半结构式访谈法对赵炳南学术经验传承人进行多次访谈,以进一步挖掘赵老的学术思想,总结归纳传承要点。访谈中进行录音笔录音和手写记录收集访谈资料。通过研究者、定性分析软件ATLAS.ti 9,结合备忘录书写、概念图绘制等方式进行资料整理和分析。通过参与者反馈法进行质量控制。结果:文献研究囊括期刊、论文等145篇,专著13部。经过整理文献,总结出赵炳南治疗湿疹的学术思想和临床经验,归纳梳理出不同时代思想经验的传承、发展情况,总结出传承特点。赵老继承古代医家经验,集各家之长,融会贯通,经过长期钻研和临床实践形成了治疗湿疹的学术思想和临床经验,别具一格。赵炳南教授将湿疹病因归为风、湿、热,将湿疹的病机概括为“本在湿,标在热”“湿为发病核心”。赵老遵循中医学的整体观,辨治湿疹围绕“湿”,首创气血津液辨证论治体系作为辨治湿疹的核心,体现出皮肤科的专科辨证思路,有别于外科。赵老以治湿为关键,治热为要点,以健脾、清热、祛风、除湿为主要治则,在此基础上经过多年临床实践,形成了独具特色的治湿之法,创制了众多治湿效方。对于外治湿疹,赵老重视皮损辨证,强调辨津液的变化,以分阴阳、辨缓急为原则,以辨湿和热的比重为切入点,对皮损进行辨证分型,进而选用不同的药物和剂型,形成了独特的湿疹外治法。以上赵老独特的思想经验组成了学派思想的核心。张志礼教授全面继承了赵老的思想经验,对气血津液辨治体系进行了丰富,治疗湿疹气血水同治,将赵老的治湿经验发扬光大;同时中西合璧,结合现代研究方法和成果进行了发挥创新,创制了以石蓝草煎剂为代表的新方,进一步丰富了赵老原有的思想经验,至此形成了较为完整的学派学术体系。赵氏流派的后学者运用现代研究方法,进行了临床研究,验证了赵老经验方疗效的确切性,客观评价了其疗效性和安全性,为赵老经验方的推广使用提供了更多证据支持;秉承赵老的学术思想,临床中运用经验方灵活自如,不拘泥于表面,经过临床实践总结出:应该在完整继承赵老思想经验的基础上,加以灵活运用,才能充分发挥赵老经验方的疗效,体现出中医特色;并在原有经验的基础上进行了一些创新,丰富了赵老治疗湿疹的已有经验。质性研究共获赵炳南治疗湿疹的病因病机、辨治思想、传承要点相关类属3个,概念10个。湿疹的病因病机理论包括“风湿热邪贯穿始终”“湿邪为核心”;辨治思想包括“气血津液辨证为核心”“辨湿热比重分阴阳”“强调中焦脾胃运化”“除湿为核心,治风、清热为要领”;传承要点包括“全面学习,深入体会”“整体辨证结合局部辨证”“结合现代医学”“坚持中医思维,三因制宜”。结论:通过文献研究梳理、总结形成赵炳南名老中医治疗湿疹学术思想和临床经验的传承发展情况,形成了赵炳南——张志礼——赵氏流派后学者的传承脉络。归纳赵老的核心思想:治疗湿疹围绕“湿”,以气血津液辨治体系为核心。赵老弟子张志礼教授在全面继承的基础上中西合璧,结合现代研究方法和成果将其发扬光大,进一步丰富了原有的思想经验,形成了较为完整的学派学术体系。赵氏流派的后学者秉承赵老的学术思想,临床中注重经验的灵活运用,并结合现代研究进行了验证和创新。通过质性研究进一步探究得出:应该全面深入地学习体会赵老的思想经验;坚持传统中医辨证论治思想,发挥中医特色;将中医与现代医学相结合,继续推进中医药的现代化研究,以期将赵老的学术思想体系发扬光大。半结构式访谈法可用于名老中医学术思想和临床经验传承的研究。"""
Journal Article,秦汉琨,1986,赵炳南治疗系统性红斑性狼疮经验拾零,,"""<正> 已故名老中医赵炳南,对治疗系统性红斑性狼疮有丰富经验。他认为该病是因先天禀赋不足,肾精亏乏,或七情内伤,劳累过度,或房事不节,或外受毒热之邪,均可致阴阳失调,"""
Journal Article,耿学英,2008,赵炳南治疗荨麻疹经验探讨,赵炳南;中医师;荨麻疹/中医药疗法,
Conference Proceedings,石云,2009,赵炳南治疗银屑病经验介绍,,"""<正>赵炳南老先生是近代著名的中医专家,以擅长中医皮肤科、外科而闻名,本人有幸在北京中医医院进修期间,跟随一些赵老的学术传人侍诊学习,通过研习赵老之学术思想及临床经验集,深感其博大精深。本文试对赵炳南教授治疗银屑病经验特点进行探讨。"""
Thesis,耿学英,2009,赵炳南中医皮肤科学术渊源及学术特点研究,赵炳南;学术渊源;学术思想;中医皮肤科;中医外科,"""名老中医的学术思想与经验是中医学的宝贵财富,继承、挖掘与传播名老中医的学术思想是加快中医事业发展与创新的重要途径。赵炳南教授(1899-1984)是我国著名中医皮外科专家,是现代中医皮肤科的奠基人和开拓者,为发展中医皮肤科事业做出了卓越贡献。但我们对其搏大精深的学术思想体系还缺乏深入系统的研究。这种状况在很大程度上限制了赵炳南皮肤科学术精髓的传承与推广。深入进行赵炳南中医皮肤科学术渊源、学术思想和经验特色的研究,对中医皮肤科的可持续发展具有重要意义。“中医皮肤科赵炳南学术流派及其传承研究”是2006年度北京市中医药科技发展基金项目“51510”重大项目。“中医皮肤科赵炳南学派学术渊源及学术思想研究”是此重大项目中的第一个子课题,由北京中医药大学中医临床基础系温病教研室负责完成。笔者所选课题为此子课题中的一部分,重点是对赵炳南中医皮肤科学术思想之渊源及特点进行深入研究总结。本研究论文旨在探寻赵炳南中医皮肤科学术思想渊源,研究总结赵炳南中医皮肤科学术思想特色。通过总结中医皮外科古籍文献和温病学名家著作的有关论述,明确中医皮肤科学理论发展的脉络及对赵氏思想的影响,明确赵炳南对中医皮肤病学发展和创新的贡献。通过分析研究《赵炳南临床经验集》、《简明中医皮肤病学》等著作及有关文献报道资料,深入总结赵老皮肤病辨治的基本理论和方法,并尽可能地条理化、系统化,便于指导临证或实际应用。本论文主要内容分为三大部分。第一部分是对赵炳南中医皮肤科的学术渊源进行研究。明以前是中医皮肤科理论与实践不断积累的时期,明清两代是中医皮外科学发展的鼎盛和争鸣时期,外科三大主要学术流派即产生于明清。明清时期中医皮外科学所取得的成就是赵炳南皮肤科学术思想的最重要的源泉。赵炳南不但继承了历代皮外科治疗上的精华,且有颇多创新,形成了自己皮外科治疗的独特风格。论文中对《赵炳南临床经验集》中所记载的31个主要皮肤病病种进行文献溯源,分析总结赵炳南论治不同皮肤病的特点与历代主要中医皮外科古籍文献和名家的关系,以期更好地明确赵炳南皮肤科学术思想之渊源,明确赵炳南对中医皮肤病学发展和创新的贡献。论文第二部分是对赵炳南中医皮肤科的学术思想进行研究总结,主要从五个方面论述了赵炳南的学术思想特点。一是坚持中医辨证论治特色,对皮肤病证候进行了规范。《赵炳南临床经验集》记载了11类共31种皮肤病的诊治方法,每一病种都有中医辨证。《简明中医皮肤病学》中介绍了中医基础理论及中医对皮肤病的辨证论治,在皮肤病各论中详细记载了对各种皮肤病的中医辨证分型及论治方法。二是始终以中医整体观指导对皮肤病的辨证治疗。赵炳南将中医整体观作为一种指导思想贯穿于皮肤病诊疗的全过程。他认为应从整体观出发研究皮肤病的发病规律,从整体角度分析皮肤科病证及其变化。三是强调阴阳辨证,擅长运用调和阴阳法治疗皮肤病。阴阳是八纲中的总纲,是辨证的基本大法,赵炳南在医学实践中重视运用阴阳辨证治疗临床疑难杂症。赵老指出调和阴阳法在皮肤科疾病中占有重要位置,并喜用鸡血藤、首乌藤、钩藤、天仙藤等藤类药物为调和阴阳基本方药加减运用于皮肤病临床。四是重视运用卫气营血辨证诊治皮肤病。赵炳南对温病学说有颇深研究,率先将温病学的成就用于皮肤科中。他深入研究卫气营血辨证理论,将之与皮肤病临床紧密结合。尤其是善于运用卫气营血辨证治疗丘斑疹类皮肤病及急性感染性皮肤病。他以卫气营血学说为指导,创制出有关皮肤病治疗的一系列经验方,临床应用,疗效显著。五是治疗皮肤病,常以治湿为根本,治热为关键。赵炳南在诸多皮肤病的致病因素中,对湿邪与热邪尤为重视。赵炳南把温病学说关于湿热病的思想灵活用于皮肤病治疗中。在长期反复临证实践的基础上,赵老形成了对于湿热性皮肤病辨证施治的看法。论文第三部分是对赵炳南中医皮肤科治法和方药特点进行研究。主要从以下五个方面进行了论述。一是赵老在中医皮外科临床领域潜心研究,博览群书又学古不泥,在长期和大量的医疗实践中,对中医皮、外科的理论提出了一些创新的见解,在理法方药等各个方面,均颇有创新。二是在长期临床实践中,赵老通过大量病例,总结出了许多疗效显著的经验方,有些已形成系列。其立法周全详察,组方科学严谨,对后学者极具指导意义。三是对赵炳南部分常用效验方之特点进行分析,主要包括全虫方、秦艽丸、多皮饮、五皮五藤饮、祛湿健发汤等。四是对赵老临床药物运用特点进行分析。通过分析其应用清热解毒药、祛风药、对药、组药、引药的特点,以总结其用药经验,为中医皮肤科的临床用药提供资料。五是分析总结赵老治疗皮肤病时运用外治法、外用药的特点。赵老对中医外用药的配制和使用尤有独到之处,他汲取百家之长,不断研究创新,形成了系统的外治法、外用药方案,还逐渐形成了自己的特色外治疗法。"""
Journal Article,耿学英; 宋乃光; 赵岩松; 蔡念宁,2010,赵炳南中医皮肤科整体观的渊源及特点,赵炳南;整体观;中医皮肤科,"""探寻赵炳南中医皮肤科整体观学术思想的渊源,并分析赵炳南中医皮肤科整体观的学术思想特点。《内经》所论述的整体观思想是赵炳南整体观的根本渊源。明清时期皮外科学名著中均具有丰富的整体观思想,是其最重要源泉所在。整体观这一指导思想贯穿赵炳南诊疗的全过程。"""
Journal Article,韩雪; 郝燕梅; 徐丽丽,2021,赵炳南中医皮科流派名家治疗慢性荨麻疹经验,慢性荨麻疹;赵炳南;中医皮科流派;祛风除湿;益气养血;调和阴阳,"""赵炳南中医皮科流派名家以赵炳南重视整体、调和阴阳的学术思想为指导,临床积累了丰富的治疗慢性荨麻疹辨证经验,认为本病由于卫外不固、外感风邪,或病久阴血不足,血虚受风而发病,治疗以祛卫分风邪、益气养血为主,病情顽固者重视兼以除湿,调和阴阳气血,在临床上获得了良好的疗效。"""
Journal Article,赵岩松; 宋乃光; 耿学英; 蔡念宁; 张苍,2009,赵炳南中医外科阴阳辨证思想及其学术渊源探讨,阴阳辨证;赵炳南;皮外科,"""近代中医外科名医赵炳南先生善用阴阳辨证治疗临床疑难杂症,并提倡调和阴阳的治法是外科治疗的根本。究其学术渊源,明清以来多部医籍中提到阴阳辨证对痈肿疮疔的辨治的重要性,其中以王洪绪《外科证治全生集》为外科重阴阳辨证的代表。因此阴阳学说和阴阳辨证不但是中医学重要的理论基础,在中医的皮外科中对临床识病也有重要的指导意义。"""
Conference Proceedings,张苍,2014,赵炳南朱红纱条治疗慢性皮肤溃疡,,"""慢性皮肤溃疡是中医疮疡外科常见病、多发病,临床治疗困难。既往研究发现慢性皮肤溃疡之所以不能痊愈,往往是停滞在早期的出凝血阶段和炎症阶段,修复不能进入细胞增殖阶段。中药在慢性皮肤溃疡的治疗方面经验丰富,有许多卓有效验的外用药物,我院传统制剂朱红膏(常规配合为朱红纱条应用)就是其中之一。它具有化腐生肌、煨脓长肉、启动修复的作用。"""
Thesis,赵颖,2009,中医皮肤科学术流派研究,中医皮肤科;学术流派;赵炳南;朱仁康;顾伯华,"""中医学术流派是指中医学同一个学科内,因不同的师承而形成的以独特的研究旨趣、技艺、方法为基础的不同学术派别。迄今为止,在中医皮肤科学术领域尚未有学术流派的划分。本研究旨在通过对中医学术流派有关问题的梳理,试分析中医学术流派发生发展的规律,并通过对中医皮肤科领域名家及其学术传人的生平、成就与影响、治学特点、学术思想的挖掘整理等,探讨中医皮肤科学术流派是否已经形成,并揭示各学术流派的历史沿革、学术特点等,开创中医临床学术流派研究的新领域。本研究以文献学方法为主,根据拟定的“中医皮肤科学术流派标准”,对符合条件的名医及其学术传人的论文、著作、医案、医话等进行了系统挖掘、整理,并结合口述资料,首次在中医皮肤科领域以赵炳南、朱仁康、顾伯华为核心进行了学术流派的划分与流派学术特点的系统总结。研究认为,以赵炳南、朱仁康、顾伯华为核心的三大中医皮肤科学术流派已经形成,而且各流派与明清时代的外科学流派有着学术上的渊源关系。"""
Journal Article,曲剑华; 陈彤云; 姚卫海,2019,中医皮肤学科的文质学说及应用,中医皮肤学科;文质学说;赵炳南;陈彤云,"""皮肤病的发生发展是人体内在阴阳失衡、气血失和、脏腑失调的外在表现,这也正是《丹溪心法》""""有诸内者,必形诸外""""的具体表现。中医皮肤学科的文质学说是文与质的和谐统一、相辅相成,概括为由外察内、由内推外;内治调外,内外通达;外治调内,内外兼治;理论与实践结合等四个方面。只有医学理论完善,临床技能全面,理论与临床有机结合,提高临床疗效才是中医学的终极目的。"""
Journal Article,朱慧婷; 张苍; 蔡念宁,2013,中医取类比象思维在皮肤科的应用,象思维;皮肤病;赵炳南,"""中医象思维是通过取类比象的方式,在思维过程中对被研究对象与已知对象在某些方面相通、相似或相近的属性、规律、特质进行充分关联类比,找出共同的特征、根本内涵,以""""象""""为工具进行标志、归类,以达到模拟、领悟、认识客体为目的的方法。分析了赵炳南先生创制的多皮饮、凉血五花汤、白驳丸等经验方中以皮治皮、以搔止搔、以色治色、以形治形等具有中医皮肤科特色的象思维的应用,为临证用药、创制新方提供了思路。"""
Journal Article,栾淑贞; 陈宇翔; 纪云清; 李丹; 周冬梅,2019,周冬梅运用赵炳南除湿经验方治疗银屑病经验,银屑病;赵炳南;湿邪;名中医经验,"""银屑病是临床常见的易反复发作的难治皮肤病。周冬梅教授继承赵炳南""""从血论治""""思想,认为银屑病基本病机为血分蕴毒,湿邪贯穿其发病之始终,治疗时在""""从血论治""""基础上联合运用赵老除湿经验方,收到了较好的临床效果。"""
Journal Article,陈凯,2004,著名中医皮外科专家赵炳南教授临床经验及特色疗法,,
Journal Article,张广中; 王萍; 蔡念宁; 陈凯; 邓丙戌,2008,著名中医皮外科专家赵炳南教授文献的初步研究,赵炳南;文献;研究;中医皮肤科学;中医外科学,"""文章对赵炳南先生的生平作了简要介绍,对其公开发表或出版的论文、文章、专著进行了初步的研究,为全面系统研究赵炳南学术思想和诊疗经验作一些基础工作。文章提出,赵炳南学术思想传承和传播者较众,他们中的许多人发表或出版了一些有关赵老治学思想、特色疗法、经验方临床观察等方面的论文、专著,这些文献也是赵炳南学术思想研究的重要资料。全面系统整理和研究赵炳南及其传承者的文献,对赵炳南学术思想的研究,进而为中医皮肤科赵炳南学术流派的确立具有重要的意义。"""
Journal Article,高钦颖,1982,宗赵炳南老中医的“全虫方”治验,,"""<正> 临床上常遇一些皮肤疾患,对其治疗效果不著,即寻法觅方以求一得。拜读名老中医赵炳南医生的《赵炳南临床经验集》颇受教益,用书中所载“全虫方”试治某些皮肤疾患,屡试屡验均获显著疗效,现举三例如下。 1.王××,女,19岁,工人,1977年4月初诊。患者于五年前四肢及躯干起皮疹,奇痒难忍,搔抓破后流水,结痂。"""
